,region,region_coord
0,"Douro, Portugal","(41.5012768, -5.512293199999999)"
1,"Willamette Valley, USA","(44.942554, -122.9337615)"
2,"Navarra, Spain","(42.6953909, -1.6760691)"
3,"Alsace, France","(48.3181795, 7.441624099999999)"
4,"Napa Valley, USA","(38.5024689, -122.2653887)"
5,"Alexander Valley, USA","(38.6129647, -122.7694345)"
6,"Central Coast, USA","(38.39277999999999, -121.57194)"
7,"Cafayate, Argentina","(-26.0730798, -65.976052)"
8,"Mendoza, Argentina","(-32.8894587, -68.8458386)"
9,"Ribera del Duero, Spain","(41.7820044, -3.6623239)"
10,"Virginia, USA","(37.4315734, -78.6568942)"
11,"Sicilia, Italy","(37.5999938, 14.0153557)"
12,"Paso Robles, USA","(35.6368759, -120.6545022)"
13,"Sonoma Coast, USA","(38.291859, -122.4580356)"
14,"Cerasuolo di Vittoria, Italy","(36.952079, 14.5372494)"
15,"Clarksburg, USA","(39.2806451, -80.34453409999999)"
16,"Dry Creek Valley, USA","(39.2614426, -121.3414203)"
17,"Sonoma Valley, USA","(38.291859, -122.4580356)"
18,"McMinnville, USA","(45.21011619999999, -123.1987163)"
19,"Colchagua Valley, Chile","(-34.5486349, -71.4016872)"
20,"Puglia, Italy","(40.7928393, 17.1011931)"
21,"Beaujolais, France","(46.1134349, 4.7263863)"
22,"Maule Valley, Chile","(-36.0, -72.0)"
23,"Lake County, USA","(42.3689363, -87.8271534)"
24,"Monticello, USA","(38.0086043, -78.4531994)"
25,"Brouilly, France","(45.844705, 4.40916)"
26,"Monica di Sardegna, Italy","(34.0729248, -118.3891988)"
27,"Bordeaux Blanc, France","(36.1130263, -95.97528539999999)"
28,"North Coast, USA","(38.01925230000001, -122.8631254)"
29,"Maipo Valley, Chile","(-33.8088442, -70.7644236)"
30,"Calistoga, USA","(38.5787965, -122.5797054)"
31,"Morellino di Scansano, Italy","(42.6863861, 11.3339204)"
32,"Barolo, Italy","(44.6088032, 7.9403041)"
33,"Rockpile, USA","(38.6086657, -122.8698321)"
34,"Padthaway, Australia","(-36.6270289, 140.433893)"
35,"Stellenbosch, South Africa","(-33.9321045, 18.860152)"
36,"Simonsberg-Stellenbosch, South Africa","(-33.9273187, 18.880768)"
37,"Saint-Émilion, France","(44.89438699999999, -0.155729)"
38,"Barbera d'Alba, Italy","(38.6133933, -90.3158514)"
39,"Santa Lucia Highlands, USA","(36.4307709, -121.4203754)"
40,"Santa Ynez Valley, USA","(34.5841542, -120.0973685)"
41,"Carmel Valley, USA","(36.4799024, -121.7327931)"
42,"Dominio de Valdepusa, Spain","(30.6702395, -81.4620358)"
43,"Chianti Classico, Italy","(43.4838044, 11.3785656)"
44,"Cahors, France","(44.4475229, 1.441989)"
45,"Aconcagua Valley, Chile","(-32.7555335, -70.7248133)"
46,"Loncomilla Valley, Chile","(-35.6778298, -71.7681764)"
47,"Marlborough, New Zealand","(-41.5916883, 173.7624053)"
48,"Alto Adige, Italy","(46.4336662, 11.1693296)"
49,"Chablis, France","(47.815269, 3.800450999999999)"
50,"Arroyo Seco, USA","(36.5166928, -105.5691763)"
51,"Salta, Argentina","(-24.7821269, -65.4231976)"
52,"Anderson Valley, USA","(39.0865657, -123.4794542)"
53,"Casablanca Valley, Chile","(-33.3182828, -71.4070899)"
54,"Campania, Italy","(41.10994729999999, 14.8475139)"
55,"Rosso del Veronese, Italy","(38.8502352, -104.8671729)"
56,"St.-Romain, France","(45.275356, 0.148406)"
57,"Vino Nobile di Montepulciano, Italy","(44.9032667, -93.56614019999999)"
58,"Vernaccia di San Gimignano, Italy","(43.46757239999999, 11.0415243)"
59,"Judean Hills, Israel","(31.6666667, 35.1666667)"
60,"Alentejo, Portugal","(38.2003808, -7.800084999999998)"
61,"Brunello di Montalcino, Italy","(43.05586, 11.4898673)"
62,"Finger Lakes, USA","(42.7238165, -76.9297247)"
63,"Cayuga Lake, USA","(42.6776693, -76.6990172)"
64,"South Australia, Australia","(-30.0002315, 136.2091547)"
65,"Montepulciano d'Abruzzo, Italy","(42.6641013, 14.0005595)"
66,"Santa Barbara County, USA","(34.4208305, -119.6981901)"
67,"Diamond Mountain District, USA","(40.3126723, -120.6930061)"
68,"McLaren Vale, Australia","(-35.2210309, 138.5461247)"
69,"Mendocino, USA","(39.3076744, -123.7994591)"
70,"Vin de Pays des Côtes de Gascogne, France","(43.8588747, 0.088527)"
71,"Russian River Valley, USA","(38.9119799, -123.0537083)"
72,"Vino de la Tierra de Castilla y León, Spain","(41.35375, -5.768549999999999)"
73,"San Juan, Argentina","(-31.5351074, -68.5385941)"
74,"Adelaide Hills, Australia","(-34.9062557, 138.8397403)"
75,"Sonoma Mountain, USA","(38.3229698, -122.5749837)"
76,"Amador County, USA","(38.3488921, -120.7740931)"
77,"Luján de Cuyo, Argentina","(-32.9980559, -68.8726145)"
78,"St. Helena, USA","(38.5052429, -122.4703868)"
79,"Cole Ranch, USA","(31.4628513, -100.4362344)"
80,"Coastal Region, South Africa","(39.495304, -74.458158)"
81,"Mendoza Province, Argentina","(-32.8896247, -68.8526867)"
82,"Santa Maria Valley, USA","(34.9530337, -120.4357191)"
83,"Torgiano, Italy","(43.043267, 12.4495221)"
84,"Veneto, Italy","(45.4414662, 12.3152595)"
85,"Leithaberg, Austria","(47.9666667, 16.6666667)"
86,"Colli Orientali del Friuli, Italy","(46.00007040000001, 13.4384359)"
87,"Santorini, Greece","(36.3931562, 25.4615092)"
88,"Uco Valley, Argentina","(-33.5887245, -69.02493009999999)"
89,"Monferrato, Italy","(44.8175587, 8.7046627)"
90,"Sonoma County, USA","(38.5779555, -122.9888319)"
91,"Kremstal, Austria","(47.9271368, 14.080665)"
92,"Toscana, Italy","(43.7710513, 11.2486208)"
93,"Dundee Hills, USA","(45.2762108, -123.0124765)"
94,"Perdriel, Argentina","(-33.0764292, -68.8868944)"
95,"Arroyo Grande Valley, USA","(35.1185868, -120.5907252)"
96,"Montsant, Spain","(41.292953, 0.7978029999999999)"
97,"Arbois, France","(46.902851, 5.772342)"
98,"Barossa Valley, Australia","(-34.5333333, 138.95)"
99,"Tupungato, Argentina","(-33.3728036, -69.1475583)"
100,"Columbia Valley (WA), USA","(48.9220655, -122.1390398)"
101,"Mendocino County, USA","(39.5500194, -123.438353)"
102,"Recas, Romania","(45.8011607, 21.5119138)"
103,"Côte de Nuits-Villages, France","(47.180179, 4.959953)"
104,"Langhe, Italy","(41.9176306, -87.6982833)"
105,"Hawke's Bay, New Zealand","(-39.6016597, 176.5804473)"
106,"Curicó Valley, Chile","(-34.9859489, -71.2417746)"
107,"Prosecco di Valdobbiadene, Italy","(45.8970553, 12.0118446)"
108,"Prosecco di Conegliano, Italy","(45.8866391, 12.309513)"
109,"Limarí Valley, Chile","(-30.7462002, -71.0022311)"
110,"Knights Valley, USA","(38.6351857, -122.6941543)"
111,"Rapel Valley, Chile","(-33.9444044, -71.7375831)"
112,"Barossa, Australia","(-34.5333333, 138.95)"
113,"Tokaji, Hungary","(48.1172148, 21.4089015)"
114,"Rheingau, Germany","(49.9999818, 7.9837394)"
115,"Bianco di Custoza, Italy","(45.3729347, 10.7962865)"
116,"Soave, Italy","(45.4544384, 11.2358335)"
117,"Collio, Italy","(45.95575729999999, 13.4675302)"
118,"Trentino, Italy","(46.0512004, 11.1175392)"
119,"Valdadige, Italy","(46.0714742, 11.1159792)"
120,"Rutherford, USA","(40.826489, -74.10680909999999)"
121,"Central Valley, Chile","(-34.4590092, -70.9548219)"
122,"Lontué Valley, Chile","(-35.0567954, -71.26886019999999)"
123,"California, USA","(36.778261, -119.4179324)"
124,"Prosecco di Conegliano e Valdobbiadene, Italy","(45.8970553, 12.0118446)"
125,"Prosecco del Veneto, Italy","(45.44390079999999, 12.3275619)"
126,"Graves, France","(35.5149671, -97.52933329999999)"
127,"Rioja, Spain","(42.2870733, -2.539603)"
128,"North Fork of Long Island, USA","(40.9445753, -72.626999)"
129,"Bierzo, Spain","(42.59219239999999, -6.663812)"
130,"Franciacorta, Italy","(39.9797121, -75.3974545)"
131,"Niagara-On-The-Lake, Canada","(43.2549988, -79.0772616)"
132,"Carneros, USA","(38.25552, -122.3513889)"
133,"Ribbon Ridge, USA","(45.3596594, -123.094848)"
134,"Meursault, France","(46.97822499999999, 4.768746)"
135,"Champagne, France","(48.9168895, 4.151432499999999)"
136,"Rheinhessen, Germany","(49.8935328, 8.0850303)"
137,"Amarone della Valpolicella, Italy","(45.5161992, 10.8747131)"
138,"Mosel, Germany","(49.1671789, 6.2118023)"
139,"Chambolle-Musigny, France","(47.185496, 4.952888)"
140,"Alentejano, Portugal","(38.2003808, -7.800084999999998)"
141,"Pomerol, France","(44.9298292, -0.2010233)"
142,"Cannonau di Sardegna, Italy","(40.1208752, 9.012892599999999)"
143,"Red Mountain, USA","(37.901662, -107.7025)"
144,"Isola dei Nuraghi, Italy","(41.9013668, -87.6275904)"
145,"Sta. Rita Hills, USA","(34.66595650000001, -120.1152408)"
146,"Western Cape, South Africa","(-33.2277918, 21.8568586)"
147,"Côtes du Rhône Villages, France","(43.946168, 4.8074198)"
148,"Friuli Grave, Italy","(41.8460194, -87.9528745)"
149,"Walla Walla Valley (WA), USA","(46.0359675, -118.7691582)"
150,"El Dorado, USA","(33.20763, -92.6662674)"
151,"Rueda, Spain","(41.4108743, -4.9597661)"
152,"Suisun Valley, USA","(38.2382474, -122.040244)"
153,"Côtes de Provence, France","(43.4827707, 5.6238383)"
154,"Lodi, USA","(38.1341477, -121.2722194)"
155,"Côtes du Rhône, France","(43.946168, 4.8074198)"
156,"Venezia Giulia, Italy","(46.2259177, 13.1033646)"
157,"Wahluke Slope, USA","(46.7498928, -119.8342096)"
158,"Yakima Valley, USA","(46.3289058, -120.0086385)"
159,"Oregon, USA","(43.8041334, -120.5542012)"
160,"Alto Adige Valle Isarco, Italy","(46.75, 11.6166667)"
161,"Ballard Canyon, USA","(34.6354195, -120.1479918)"
162,"Howell Mountain, USA","(38.58139, -122.45)"
163,"Gavi, Italy","(44.6880915, 8.8037472)"
164,"Valle de Guadalupe, Mexico","(32.0956281, -116.572572)"
165,"Oak Knoll District, USA","(38.35833, -122.33389)"
166,"Rogue Valley, USA","(42.435954, -123.1719976)"
167,"Chehalem Mountains, USA","(45.3762277, -123.037326)"
168,"Northern Sonoma, USA","(38.291859, -122.4580356)"
169,"Vinho Verde, Portugal","(36.1426328, -95.9874791)"
170,"Soave Classico, Italy","(41.8977726, -87.62239799999999)"
171,"Conegliano Valdobbiadene Prosecco Superiore, Italy","(42.2295726, -71.5891323)"
172,"Edna Valley, USA","(35.2170004, -120.6075179)"
173,"Idaho, USA","(44.0682019, -114.7420408)"
174,"Gambellara Classico, Italy","(45.4570776, 11.3419557)"
175,"Mount Veeder, USA","(38.3793566, -122.4477575)"
176,"Valencia, Spain","(39.4699075, -0.3762881)"
177,"Cortona, Italy","(43.27506340000001, 11.98512)"
178,"Piemonte, Italy","(45.0522366, 7.5153885)"
179,"Colli della Toscana Centrale, Italy","(44.0794258, 10.3311955)"
180,"Horse Heaven Hills, USA","(46.0998556, -119.5361361)"
181,"Santa Cruz Mountains, USA","(37.1108921, -121.8448906)"
182,"Livermore Valley, USA","(37.6818688, -121.7684732)"
183,"Central Otago, New Zealand","(-44.9566315, 169.3988451)"
184,"Valle de Uco, Argentina","(-33.591622, -69.025249)"
185,"Barbaresco, Italy","(44.7232618, 8.0835572)"
186,"Temecula Valley, USA","(33.4936391, -117.1483648)"
187,"Tasmania, Australia","(-41.4545196, 145.9706647)"
188,"Cariñena, Spain","(41.3370805, -1.2241497)"
189,"South Eastern Australia, Australia","(-33.8544884, 150.7642661)"
190,"Aglianico del Vulture, Italy","(40.929676, 15.6750242)"
191,"Green Valley, USA","(31.8542511, -110.9937019)"
192,"Vin Santo del Chianti Classico, Italy","(38.3446812, -122.3264735)"
193,"Trento, Italy","(46.0747793, 11.1217486)"
194,"Médoc, France","(44.556862, -0.038418)"
195,"Margaux, France","(45.042035, -0.677519)"
196,"Vino de la Tierra de Castilla, Spain","(37.7746773, -122.391388)"
197,"Rosso di Montalcino, Italy","(43.0596503, 11.4897959)"
198,"Nebbiolo d'Alba, Italy","(41.8085053, -88.2011075)"
199,"Spring Mountain District, USA","(38.5244649, -122.5512918)"
200,"Priorat, Spain","(41.23797829999999, 0.7913226999999999)"
201,"Saint-Estèphe, France","(45.2648099, -0.7717824)"
202,"Los Carneros, USA","(34.4417708, -119.8487934)"
203,"Minervois, France","(43.3270136, 2.528199400000001)"
204,"Vista Flores, Argentina","(-33.6509809, -69.1558647)"
205,"Lugana, Italy","(40.7366181, -96.702698)"
206,"Primitivo di Manduria, Italy","(38.6629386, -90.6200094)"
207,"Amarone della Valpolicella Classico, Italy","(45.562197, 10.927739)"
208,"Piave, Italy","(46.1349922, 12.227916)"
209,"Dealu Mare, Romania","(45.1638854, 25.4474606)"
210,"Gaillac, France","(43.9018159, 1.896506)"
211,"Sancerre, France","(47.329583, 2.839867)"
212,"Etna, Italy","(37.751005, 14.9934349)"
213,"Montravel, France","(44.859834, 0.052954)"
214,"Quincy, France","(47.13223499999999, 2.156712)"
215,"Eola-Amity Hills, USA","(45.0753958, -123.1237118)"
216,"Pouilly-Fumé, France","(47.2833676, 2.9564911)"
217,"Coonawarra, Australia","(-37.28746, 140.8553875)"
218,"Happy Canyon of Santa Barbara, USA","(34.4206415, -119.6994278)"
219,"Valdeorras, Spain","(42.3788608, -6.9638624)"
220,"Terre Siciliane, Italy","(38.850139, -104.867159)"
221,"Walla Walla Valley (OR), USA","(46.0650436, -118.3395156)"
222,"Niederösterreich, Austria","(48.10807699999999, 15.8049558)"
223,"Isonzo del Friuli, Italy","(45.8950312, 12.5991658)"
224,"Rías Baixas, Spain","(42.4270967, -8.814226399999999)"
225,"Monbazillac, France","(44.793529, 0.492161)"
226,"Patrimonio, France","(42.706531, 9.369553999999999)"
227,"Darling, South Africa","(-33.375584, 18.3860652)"
228,"Costières de Nîmes, France","(43.774556, 4.3667907)"
229,"Yolo County, USA","(38.7646021, -121.9017954)"
230,"Cava, Spain","(25.7644748, -80.2583008)"
231,"Rosso di Montepulciano, Italy","(43.0900565, 11.7790959)"
232,"Gers, France","(43.6366479, 0.4502368)"
233,"Crémant de Jura, France","(46.718922, 5.52781)"
234,"Südoststeiermark, Austria","(46.8885229, 15.8936247)"
235,"Clare Valley, Australia","(-33.8335699, 138.61)"
236,"Corinth, Greece","(37.9386365, 22.9322383)"
237,"Burgenland, Austria","(47.15371649999999, 16.2688797)"
238,"Halkidiki, Greece","(40.3694997, 23.287085)"
239,"Napa-Sonoma, USA","(38.291859, -122.4580356)"
240,"Bordeaux, France","(44.837789, -0.57918)"
241,"Montagne-Saint-Émilion, France","(44.93028530000001, -0.1301373)"
242,"Robertson, South Africa","(-33.8020653, 19.8875431)"
243,"Pfalz, Germany","(49.48221160000001, 7.860948100000001)"
244,"Washington, USA","(47.7510741, -120.7401385)"
245,"La Mancha, Spain","(39.2795607, -3.097702)"
246,"Contra Costa County, USA","(37.8534093, -121.9017954)"
247,"Dan, Israel","(33.239637, 35.653953)"
248,"Michigan, USA","(44.3148443, -85.60236429999999)"
249,"Uclés, Spain","(39.9799887, -2.8633215)"
250,"New York, USA","(40.7127753, -74.0059728)"
251,"Stags Leap District, USA","(38.4141825, -122.3213126)"
252,"Fair Play, USA","(37.6321682, -93.5761735)"
253,"Penedès, Spain","(41.3312228, 1.6769057)"
254,"Salento, Italy","(40.42336419999999, 17.9531836)"
255,"Sannio, Italy","(41.06121650000001, 14.8511356)"
256,"Bordeaux Rosé, France","(44.837789, -0.57918)"
257,"Pennsylvania, USA","(41.2033216, -77.1945247)"
258,"Sierra Foothills, USA","(38.2692123, -119.574224)"
259,"Les Baux de Provence, France","(43.743887, 4.795495000000001)"
260,"Shenandoah Valley (CA), USA","(38.5348836, -120.792458)"
261,"Southern Oregon, USA","(42.7976791, -122.4332992)"
262,"Old Mission Peninsula, USA","(44.9622231, -85.485356)"
263,"Port, Portugal","(41.1579438, -8.629105299999999)"
264,"Dão, Portugal","(40.51800009999999, -7.9735483)"
265,"Coombsville, USA","(38.2971707, -122.2864459)"
266,"Coteaux d'Aix-en-Provence, France","(43.615923, 5.378032)"
267,"Bandol, France","(43.136418, 5.754186)"
268,"Wachau, Austria","(48.3896089, 15.4748897)"
269,"Madiran, France","(43.549639, -0.057621)"
270,"Montefalco Rosso, Italy","(42.88929359999999, 12.6502843)"
271,"Rio Claro, Chile","(-35.2808267, -71.25995069999999)"
272,"Menetou-Salon, France","(47.2320769, 2.488352)"
273,"Villány, Hungary","(45.87003989999999, 18.453201)"
274,"Sagrantino di Montefalco, Italy","(42.8934918, 12.6529761)"
275,"Umbria, Italy","(42.938004, 12.6216211)"
276,"Calchaquí Valley, Argentina","(34.0541583, -118.4125222)"
277,"Cachapoal Valley, Chile","(-34.1718313, -70.6216794)"
278,"Faro, Italy","(45.8261322, 9.1004717)"
279,"Chénas, France","(46.212457, 4.719626)"
280,"Jurançon, France","(43.287723, -0.390892)"
281,"Bolgheri Superiore, Italy","(43.2336764, 10.6170139)"
282,"Bolgheri Sassicaia, Italy","(43.2336764, 10.6170139)"
283,"Pessac-Léognan, France","(44.8356039, -0.6903528999999999)"
284,"Saint-Julien, France","(46.02602599999999, 4.653080999999999)"
285,"Pauillac, France","(45.199585, -0.746212)"
286,"Oakville, USA","(38.4366996, -122.402785)"
287,"Haut-Médoc, France","(37.6868194, -97.2812611)"
288,"Lalande de Pomerol, France","(44.955821, -0.210858)"
289,"Delia Nivolelli, Italy","(None, None)"
290,"Cadillac Côtes de Bordeaux, France","(44.6330907, -0.315478)"
291,"Gattinara, Italy","(45.6139525, 8.3715171)"
292,"Applegate Valley, USA","(42.2570662, -123.1683833)"
293,"Châteauneuf-du-Pape, France","(44.056556, 4.831281000000001)"
294,"Hermitage, France","(45.0725937, 4.847700700000001)"
295,"Traisental, Austria","(48.1408597, 15.6385231)"
296,"Umpqua Valley, USA","(43.6474017, -123.8468812)"
297,"Galilee, Israel","(32.8244321, 35.5879975)"
298,"Maremma, Italy","(41.8085053, -88.2011075)"
299,"Bairrada, Portugal","(40.4601671, -8.4556658)"
300,"Negev Hills, Israel","(30.7140861, 34.8757476)"
301,"Margaret River, Australia","(-33.950922, 115.0737979)"
302,"San Benito County, USA","(36.5760883, -120.9876321)"
303,"Ribatejano, Portugal","(39.0324461, -8.6270628)"
304,"Catalunya, Spain","(41.5911589, 1.5208624)"
305,"Ribeiro, Spain","(42.2985501, -8.1775638)"
306,"San Luis Obispo County, USA","(35.3102296, -120.4357631)"
307,"Bolgheri, Italy","(43.2336764, 10.6170139)"
308,"Columbia Gorge (WA), USA","(47.4537758, -120.3251007)"
309,"Blaye Côtes de Bordeaux, France","(44.86842799999999, -0.5553418999999999)"
310,"Alicante, Spain","(38.3459963, -0.4906855)"
311,"Leelanau Peninsula, USA","(45.2083328, -85.5417523)"
312,"Calatayud, Spain","(41.3531678, -1.6468455)"
313,"Calaveras County, USA","(38.1960477, -120.6805037)"
314,"Coteaux du Languedoc, France","(43.5747967, 3.4923334)"
315,"Beiras, Portugal","(43.6760776, -79.4556356)"
316,"Langhorne Creek, Australia","(-35.29625559999999, 139.038277)"
317,"Falerno del Massico, Italy","(41.8814741, -87.6246755)"
318,"Greco di Tufo, Italy","(41.0103664, 14.8197596)"
319,"Yarra Valley, Australia","(40.7171441, -74.0441337)"
320,"Fiano di Avellino, Italy","(40.9232653, 14.8318223)"
321,"Vi de la Terra Illes Balears, Spain","(39.5779028, 2.6518509)"
322,"Murgia, Italy","(40.976111, 16.406111)"
323,"Österreichischer Sekt, Austria","(48.198982, 16.3787714)"
324,"Santa Barbara, USA","(34.4208305, -119.6981901)"
325,"Côtes de Bourg, France","(40.7559064, -73.9673248)"
326,"Bordeaux Supérieur, France","(26.4109214, -80.1226195)"
327,"Barbera d'Asti Superiore, Italy","(41.6597893, -91.53151129999999)"
328,"Upper Galilee, Israel","(33.1639839, 35.6314191)"
329,"Leyda Valley, Chile","(-33.61077240000001, -71.4572075)"
330,"Saint-Georges-Saint-Émilion, France","(44.8854098, -0.1533505)"
331,"Vermentino di Sardegna, Italy","(40.8047386, 9.3217278)"
332,"Chiroubles, France","(46.180983, 4.665474)"
333,"Bergerac Sec, France","(44.853806, 0.483392)"
334,"Morgon, France","(46.143967, 4.6782106)"
335,"Jumilla, Spain","(38.4763532, -1.3221865)"
336,"Virginia's Eastern Shore, USA","(37.5397721, -75.8229685)"
337,"Mâcon-Villages, France","(46.3068839, 4.828730999999999)"
338,"Fronsac, France","(44.924318, -0.2712629)"
339,"Delle Venezie, Italy","(45.92950219999999, 11.5621417)"
340,"Columbia Valley (OR), USA","(48.9220655, -122.1390398)"
341,"Listrac-Médoc, France","(45.073918, -0.793207)"
342,"Epanomi, Greece","(40.4289764, 22.9304174)"
343,"Roero, Italy","(44.77926919999999, 7.9384998)"
344,"Barbera d'Asti, Italy","(40.7366181, -96.702698)"
345,"Nemea, Greece","(37.82133, 22.660998)"
346,"Recioto di Soave, Italy","(42.376028, -71.2382538)"
347,"Santa Clara Valley, USA","(37.2488478, -121.8399593)"
348,"Gevrey-Chambertin, France","(47.225962, 4.968738999999999)"
349,"Puligny-Montrachet, France","(46.945092, 4.753296)"
350,"Ruché di Castagnole Monferrato, Italy","(44.9624895, 8.304856400000002)"
351,"Valtellina Superiore, Italy","(43.1558415, -77.6043363)"
352,"Oltrepò Pavese, Italy","(44.979406, 9.209409599999999)"
353,"Red Hills Lake County, USA","(38.915595, -122.7566221)"
354,"Moravia, Czech Republic","(49.1950982, 16.6067304)"
355,"Toro, Spain","(41.4540325, -5.414900299999999)"
356,"Slovenia, Slovenia","(46.151241, 14.995463)"
357,"Pemberton, Australia","(-34.4446109, 116.0372786)"
358,"Côtes de Bordeaux, France","(44.8404786, -0.5706375)"
359,"South Coast, USA","(33.69100299999999, -117.8889767)"
360,"Sonoma County-Napa County, USA","(38.291859, -122.4580356)"
361,"Mercurey, France","(46.833678, 4.721636999999999)"
362,"Givry, France","(46.78307, 4.742662999999999)"
363,"Buzet, France","(44.258058, 0.298192)"
364,"Juliénas, France","(46.235505, 4.709970999999999)"
365,"Valpolicella Classico Superiore Ripasso, Italy","(40.3463394, -76.4041725)"
366,"America, USA","(37.09024, -95.712891)"
367,"Terra degli Osci, Italy","(33.8896535, -117.8156045)"
368,"Beaujolais Rosé, France","(37.8749361, -122.2938006)"
369,"Lambrusco di Modena, Italy","(44.6510984, 10.8586364)"
370,"Montefalco Sagrantino, Italy","(42.88929359999999, 12.6502843)"
371,"Lazio, Italy","(41.6552418, 12.989615)"
372,"Chalk Hill, USA","(39.8441427, -79.616648)"
373,"Chorey-lès-Beaune, France","(47.048887, 4.86904)"
374,"Panciu, Romania","(45.9081087, 27.0905428)"
375,"Marche, Italy","(43.5058744, 12.989615)"
376,"Vin de France, France","(46.9529122, -0.6000291)"
377,"Yountville, USA","(38.40157809999999, -122.3608105)"
378,"Cerasuolo di Vittoria Classico, Italy","(40.0192762, -105.2726469)"
379,"Frankland River, Australia","(-34.3571839, 117.0186215)"
380,"Geographe, Australia","(-33.6376254, 115.3765118)"
381,"Western Australia, Australia","(-27.6728168, 121.6283098)"
382,"Niagara Peninsula, Canada","(43.0808496, -79.1666113)"
383,"Molise, Italy","(41.67388649999999, 14.7520939)"
384,"New Jersey, USA","(40.0583238, -74.4056612)"
385,"Hudson River Region, USA","(41.9209018, -73.9612887)"
386,"Tejo, Portugal","(39.7528442, -5.253228399999999)"
387,"Maury Sec, France","(42.811253, 2.593028)"
388,"Côtes du Roussillon Villages Caramany, France","(42.738113, 2.568758)"
389,"Mendocino Ridge, USA","(38.8618511, -123.433342)"
390,"Redwood Valley, USA","(39.2652491, -123.2041429)"
391,"Friuli Aquileia, Italy","(45.76816909999999, 13.3687199)"
392,"Cucamonga Valley, USA","(34.0192133, -117.6279752)"
393,"Dunnigan Hills, USA","(38.794346, -121.9552466)"
394,"Ile de Beauté, France","(46.4798358, 3.9817055)"
395,"Chianti Montespertoli, Italy","(43.64509169999999, 11.080075)"
396,"Anjou Villages Brissac, France","(47.3520619, -0.4569136999999999)"
397,"Fiddletown, USA","(38.5039105, -120.7565689)"
398,"Bonnezeaux, France","(47.276972, -0.485391)"
399,"Bourgogne Hautes Côtes de Nuits, France","(47.1374979, 4.9504852)"
400,"Augusta, USA","(33.4734978, -82.0105148)"
401,"Saint-Bris, France","(47.744005, 3.647396)"
402,"Texas, USA","(31.9685988, -99.9018131)"
403,"New Mexico, USA","(34.5199402, -105.8700901)"
404,"Nevada, USA","(38.8026097, -116.419389)"
405,"Adelaide Plains, Australia","(-34.4471534, 138.4387577)"
406,"Bennett Valley, USA","(38.4404672, -122.6766527)"
407,"Lessona, Italy","(45.58773290000001, 8.1925447)"
408,"Boca, Italy","(45.6855033, 8.4002122)"
409,"Weinviertel, Austria","(48.3845561, 16.5149128)"
410,"Charmes-Chambertin, France","(47.225962, 4.968738999999999)"
411,"Clos de Vougeot, France","(47.1748138, 4.955246)"
412,"Beaune, France","(47.02603000000001, 4.840004)"
413,"Peumo, Chile","(-34.3921609, -71.1667306)"
414,"Südsteiermark, Austria","(46.7754628, 15.5480548)"
415,"Kamptal, Austria","(48.585085, 15.4126618)"
416,"Alto Valle del Río Negro, Argentina","(-38.9795565, -67.8280886)"
417,"Prosecco, Italy","(34.1519864, -118.3522558)"
418,"Sonoma-Napa, USA","(38.291859, -122.4580356)"
419,"Paicines, USA","(36.7289127, -121.2788708)"
420,"Colline Pescaresi, Italy","(40.7624381, -73.9772014)"
421,"Sangiovese di Romagna Superiore, Italy","(44.0377762, 11.9948152)"
422,"Thermenregion, Austria","(35.6865791, -105.9405899)"
423,"Empordà, Spain","(42.2755267, 3.0175712)"
424,"Chianti, Italy","(43.5017642, 11.3544525)"
425,"Bucelas, Portugal","(38.9007616, -9.118191699999999)"
426,"Estremadura, Portugal","(39.425684, -8.975415)"
427,"Salice Salentino, Italy","(40.385073, 17.9652521)"
428,"Canterbury, New Zealand","(-43.7542275, 171.1637245)"
429,"Pouilly-Fuissé, France","(None, None)"
430,"Mâcon-Chardonnay, France","(39.7207869, -104.9555716)"
431,"Seneca Lake, USA","(42.6918497, -76.92019200000001)"
432,"Ladoix, France","(47.0740037, 4.8809064)"
433,"Thrace, Turkey","(34.1416168, -118.1485832)"
434,"Santenay, France","(46.912833, 4.696534)"
435,"Viré-Clessé, France","(46.4489132, 4.8490114)"
436,"Saint-Véran, France","(44.700836, 6.868570999999999)"
437,"Yorkville Highlands, USA","(None, None)"
438,"Muscadet Sèvre et Maine, France","(37.8749361, -122.2938006)"
439,"Drama, Greece","(41.1502273, 24.1469489)"
440,"Veneto Orientale, Italy","(45.4414662, 12.3152595)"
441,"Vin de Pays des Cévennes, France","(44.4317226, 3.7027594)"
442,"Luberon, France","(43.796111, 5.223889)"
443,"Ella Valley, Israel","(31.6806252, 34.9891247)"
444,"Taurasi, Italy","(41.0125228, 14.9680914)"
445,"Carnuntum, Austria","(48.1129002, 16.8650784)"
446,"Faugères, France","(43.5655659, 3.188741)"
447,"Crémant de Limoux, France","(43.0522933, 2.2226706)"
448,"Minho, Portugal","(42.346384, -8.0043039)"
449,"Piedmont, Italy","(45.0522366, 7.5153885)"
450,"Walker Bay, South Africa","(-34.49686519999999, 19.3336242)"
451,"Campo de Borja, Spain","(41.8311685, -1.443469)"
452,"Crémant de Bourgogne, France","(33.4673644, -117.6950681)"
453,"Valdobbiadene Prosecco Superiore, Italy","(45.9012514, 11.9958811)"
454,"Irpinia, Italy","(40.996451, 15.1258955)"
455,"Württemberg, Germany","(49.00136089999999, 9.584517199999999)"
456,"Baden, Germany","(48.6616037, 9.3501336)"
457,"Basilicata, Italy","(40.6430766, 15.9699878)"
458,"Middleburg, USA","(38.9687211, -77.7355496)"
459,"Côtes du Marmandais, France","(42.30778470000001, -73.25038169999999)"
460,"Beaujolais-Villages, France","(41.9124278, -87.6777115)"
461,"Lisboa, Portugal","(38.7222524, -9.1393366)"
462,"Cornas, France","(44.963733, 4.847392)"
463,"Chalone, USA","(36.4701378, -121.2298315)"
464,"Ventoux, France","(44.1740851, 5.2786797)"
465,"Taburno, Italy","(41.10833299999999, 14.608333)"
466,"Vouvray, France","(47.412068, 0.799248)"
467,"Columbia Gorge (OR), USA","(47.4537758, -120.3251007)"
468,"Trebbiano d'Abruzzo, Italy","(42.1790825, 13.8052814)"
469,"Terra Alta, Spain","(41.07922569999999, 0.3371889)"
470,"Victoria, Australia","(-37.4713077, 144.7851531)"
471,"Valdepeñas, Spain","(38.7605618, -3.3876655)"
472,"Yecla, Spain","(38.6122134, -1.110112)"
473,"Portuguese Table Wine, Portugal","(29.5584298, -81.2147627)"
474,"Vosne-Romanée, France","(47.159051, 4.954572)"
475,"Nuits-St.-Georges, France","(47.137985, 4.9503199)"
476,"Recioto della Valpolicella Classico, Italy","(45.5205517, 10.8869911)"
477,"Gavi di Gavi, Italy","(44.6880915, 8.8037472)"
478,"Barbera d'Alba Superiore, Italy","(29.7126731, -95.804437)"
479,"Dolcetto d'Alba, Italy","(44.70179659999999, 8.0355889)"
480,"Roero Arneis, Italy","(29.7126731, -95.804437)"
481,"Dolcetto di Dogliani, Italy","(39.7482028, -104.999232)"
482,"Neuquén, Argentina","(-38.9516784, -68.0591888)"
483,"Moscato d'Asti, Italy","(44.7241163, 8.1888115)"
484,"Istria, Croatia","(45.1286455, 13.901542)"
485,"Peljesac, Croatia","(42.8652771, 17.5505152)"
486,"Maremma Toscana, Italy","(43.13439140000001, 11.0111351)"
487,"England, England","(52.3555177, -1.1743197)"
488,"Alta Langa, Italy","(37.68572080000001, -97.335374)"
489,"El Dorado County, USA","(38.74263759999999, -120.4357631)"
490,"Napa County, USA","(38.5024689, -122.2653887)"
491,"Marin County, USA","(38.083403, -122.7633036)"
492,"Conero, Italy","(43.55, 13.6)"
493,"Menfi, Italy","(37.6198182, 12.9665821)"
494,"Río Negro Valley, Argentina","(40.7206602, -73.9853885)"
495,"Pernand-Vergelesses, France","(47.084575, 4.851313)"
496,"Málaga, Spain","(36.7211784, -4.421719899999999)"
497,"Saint-Joseph, France","(45.557578, 4.620758)"
498,"Spain, Spain","(40.46366700000001, -3.74922)"
499,"Frascati Superiore, Italy","(41.83390199999999, 12.689864)"
500,"Quarts de Chaume, France","(47.3179228, -0.6421861)"
501,"Colli Aprutini, Italy","(41.9385388, -87.6445289)"
502,"Montepulciano d'Abruzzo Colline Teramane, Italy","(42.85169760000001, 13.8363096)"
503,"Valpolicella Superiore Ripasso, Italy","(45.5205517, 10.8869911)"
504,"Valpolicella Classico Superiore, Italy","(41.8085053, -88.2011075)"
505,"Valpolicella Ripasso, Italy","(45.5205517, 10.8869911)"
506,"Paarl, South Africa","(-33.7342304, 18.9621091)"
507,"Weinland Österreich, Austria","(48.19364150000001, 16.3776833)"
508,"Moulis-en-Médoc, France","(45.06023700000001, -0.7675419)"
509,"Mantinia, Greece","(37.616667, 22.383333)"
510,"Forlì, Italy","(44.2227398, 12.0407312)"
511,"Colli Martani, Italy","(41.8977726, -87.62239799999999)"
512,"Monterey, USA","(36.6002378, -121.8946761)"
513,"Monterey County, USA","(36.3136201, -121.3541631)"
514,"Swartland, South Africa","(-33.3306832, 18.7125791)"
515,"Cienega Valley, USA","(34.10410299999999, -117.8295669)"
516,"Temecula, USA","(33.4936391, -117.1483648)"
517,"Vino Spumante, Italy","(41.4239668, -81.47826429999999)"
518,"Lebanon, Lebanon","(33.854721, 35.862285)"
519,"Ghemme, Italy","(45.5958705, 8.4228612)"
520,"Carignano del Sulcis, Italy","(39.1079356, 8.6906307)"
521,"Setubal, Portugal","(38.5260437, -8.8909328)"
522,"Anjou, France","(45.6000234, -73.5641038)"
523,"Minervois La Liviniere, France","(43.315257, 2.637515)"
524,"Corbières, France","(43.054859, 1.997267)"
525,"Elqui Valley, Chile","(-29.8294614, -70.81199529999999)"
526,"Mosel-Saar-Ruwer, Germany","(49.6898647, 6.728924900000001)"
527,"Sauternes, France","(44.531032, -0.343268)"
528,"Grand Valley, USA","(41.721658, -79.5402853)"
529,"Pocerina, Serbia","(44.7488538, 19.5691588)"
530,"Clarendon, Australia","(-35.1054491, 138.6297435)"
531,"Kumeu, New Zealand","(-36.77668980000001, 174.5571044)"
532,"Côtes du Jura, France","(46.7596754, 5.542381799999999)"
533,"Trás-os-Montes, Portugal","(41.28738, -7.7389388)"
534,"Shomron, Israel","(32.422877, 35.3027226)"
535,"Corton Les Renardes, France","(47.135299, 4.95819)"
536,"Chassagne-Montrachet, France","(46.937992, 4.729560999999999)"
537,"Aloxe-Corton, France","(47.065692, 4.85994)"
538,"Rapsani, Greece","(39.9019286, 22.5478028)"
539,"Rosso Conero, Italy","(40.7624381, -73.9772014)"
540,"Falerio, Italy","(43.1056819, 13.4702613)"
541,"Rosso Piceno, Italy","(44.8976135, -92.91268149999999)"
542,"Hunter Valley, Australia","(-32.1932173, 151.700565)"
543,"La Rioja, Argentina","(-29.4193793, -66.8559932)"
544,"Central Ranges, Australia","(26.1494714, -80.3197003)"
545,"La Consulta, Argentina","(-33.7339291, -69.1199066)"
546,"Constantia, South Africa","(-34.0257608, 18.4230789)"
547,"Val di Cornia Suvereto, Italy","(43.0721649, 10.7113162)"
548,"Vin de Pays du Val de Loire, France","(47.4829946, -0.5418098)"
549,"Cochise County, USA","(31.82845799999999, -109.949686)"
550,"Península de Setúbal, Portugal","(38.5710163, -8.9000125)"
551,"Tokaj, Hungary","(48.1172148, 21.4089015)"
552,"Patagonia, Argentina","(-41.8101472, -68.9062689)"
553,"Potter Valley, USA","(39.3221089, -123.113059)"
554,"Friuli, Italy","(46.2259177, 13.1033646)"
555,"Pine Mountain-Cloverdale Peak, USA","(38.80646429999999, -123.0183508)"
556,"Agrelo, Argentina","(-33.1194013, -68.8868944)"
557,"Verdicchio dei Castelli di Jesi Classico Superiore, Italy","(40.7445722, -73.9894704)"
558,"Custoza Superiore, Italy","(45.3729347, 10.7962865)"
559,"Veronese, Italy","(45.43838419999999, 10.9916215)"
560,"San Antonio, Chile","(-33.5922807, -71.6055123)"
561,"Nahe, Germany","(49.765243, 7.443732399999999)"
562,"Valpolicella Superiore, Italy","(45.5205517, 10.8869911)"
563,"Eden Valley, Australia","(-34.6546423, 139.1009757)"
564,"Val di Neto, Italy","(39.1386344, 17.0913205)"
565,"San Antonio Valley, USA","(37.3917578, -121.4903848)"
566,"Bourgogne, France","(47.0525047, 4.3837215)"
567,"Sierra Pelona Valley, USA","(34.5438888, -118.2322222)"
568,"Famatina Valley, Argentina","(-28.9255089, -67.52026049999999)"
569,"Bâtard-Montrachet, France","(46.9447262, 4.7539865)"
570,"Chevalier-Montrachet, France","(46.9447262, 4.7539865)"
571,"Atlas Peak, USA","(38.3194892, -122.2559041)"
572,"Puisseguin Saint-Émilion, France","(44.925099, -0.074307)"
573,"Peloponnese, Greece","(37.5079472, 22.37349)"
574,"Orvieto Classico, Italy","(39.7191667, -105.1318182)"
575,"Chianti Rufina, Italy","(43.7983982, 11.4683869)"
576,"Chiles Valley, USA","(38.5329633, -122.3271994)"
577,"Pyrenees, Australia","(-37.3879637, 143.4770359)"
578,"High Valley, USA","(44.22405790000001, -116.1548537)"
579,"Mt. Harlan, USA","(36.6974604, -121.405214)"
580,"Argentina, Argentina","(-38.416097, -63.61667199999999)"
581,"Vin de Pays d'Oc, France","(37.6868194, -97.2812611)"
582,"Rattlesnake Hills, USA","(46.4379576, -120.2709316)"
583,"Morey-Saint-Denis, France","(47.195673, 4.962496)"
584,"Volnay, France","(47.00151, 4.781618)"
585,"Missouri, USA","(37.9642529, -91.8318334)"
586,"Southeastern New England, USA","(41.521335, -70.667099)"
587,"Almansa, Spain","(38.8702789, -1.0993366)"
588,"Grand River Valley, USA","(41.6974296, -81.03739499999999)"
589,"Corton-Charlemagne, France","(47.0772222, 4.8497222)"
590,"Chianti Colli Senesi, Italy","(30.4027556, -97.7197442)"
591,"Maranges, France","(46.895502, 4.669665999999999)"
592,"San Vicente, Mexico","(31.3250324, -116.2477569)"
593,"King Valley, Australia","(-36.69472200000001, 146.401667)"
594,"Waipara Valley, New Zealand","(-43.0551367, 172.7590715)"
595,"Tavel, France","(44.01293, 4.698161)"
596,"Pommard, France","(47.00931, 4.795325)"
597,"Nashik, India","(19.9974533, 73.78980229999999)"
598,"Fort Ross-Seaview, USA","(38.5140796, -123.2436186)"
599,"Muscadet Côtes de Grandlieu, France","(47.1438703, -1.6913982)"
600,"Costa Toscana, Italy","(43.2269239, 10.5622216)"
601,"Grands-Echezeaux, France","(47.17025820000001, 4.954158899999999)"
602,"Moscadello di Montalcino, Italy","(43.0551015, 11.4890032)"
603,"The Hamptons, Long Island, USA","(40.924616, -72.35479149999999)"
604,"Franschhoek, South Africa","(-33.8974833, 19.1523292)"
605,"Vin de Pays du Comté Tolosan, France","(40.6937019, -73.965586)"
606,"Somontano, Spain","(42.1177335, 0.03732009999999999)"
607,"Castillon Côtes de Bordeaux, France","(44.8533003, -0.0436106)"
608,"Tierra del Viños de Zamora, Spain","(41.4209074, -5.6878736)"
609,"Lake Michigan Shore, USA","(42.2208698, -86.369469)"
610,"Beira Atlantico, Portugal","(39.4486999, -7.370348099999999)"
611,"Central Victoria, Australia","(-37.4713077, 144.7851531)"
612,"Bordeaux Côtes de Francs , France","(44.936198, -0.02241)"
613,"Atlantida, Uruguay","(-34.7694845, -55.7636882)"
614,"Vipavska Dolina, Slovenia","(45.8869925, 13.9044564)"
615,"Var, France","(43.46764599999999, 6.2375947)"
616,"Maipú, Argentina","(-32.9584934, -68.7895478)"
617,"Okanagan Valley, Canada","(49.83385, -119.5236098)"
618,"Coteaux du Languedoc Pic Saint Loup, France","(43.780392, 3.813078)"
619,"Bekaa Valley, Lebanon","(34.008889, 36.145278)"
620,"Tarragona, Spain","(41.1188827, 1.2444909)"
621,"Crémant d'Alsace, France","(48.0225036, 7.2843987)"
622,"Valpolicella Classico, Italy","(45.5205517, 10.8869911)"
623,"Elgin, South Africa","(-34.1564767, 19.0151567)"
624,"Mâcon-Fuissé, France","(46.280354, 4.742589)"
625,"Ribeira Sacra, Spain","(40.7194026, -73.99692809999999)"
626,"Hautes Côtes de Nuits, France","(47.1374979, 4.9504852)"
627,"Itata Valley, Chile","(-36.7717771, -72.4311736)"
628,"Vigneti delle Dolomiti, Italy","(46.4102117, 11.8440351)"
629,"Samson, Israel","(40.6224696, -73.7223455)"
630,"Wagram-Donauland, Austria","(38.8039942, -77.05820070000001)"
631,"Santa Barbara-Monterey, USA","(34.4208305, -119.6981901)"
632,"Gigondas, France","(44.163231, 5.0041804)"
633,"Conca de Barberà, Spain","(41.4745038, 1.2506002)"
634,"Beamsville Bench, Canada","(43.1589129, -79.49234919999999)"
635,"Lessini Durello, Italy","(36.176923, -86.787262)"
636,"Bourgueil, France","(47.282487, 0.168611)"
637,"Saint-Croix-du-Mont, France","(44.5942859, -0.284518)"
638,"Cyprus, Cyprus","(35.126413, 33.429859)"
639,"Pageon, Greece","(39.7169173, 19.6832782)"
640,"South Island, New Zealand","(-45.15267069999999, 169.8926333)"
641,"Mâcon-Pierreclos, France","(46.334809, 4.686364999999999)"
642,"Naoussa, Greece","(37.1235743, 25.238722)"
643,"Salina, Italy","(38.5674187, 14.8337879)"
644,"Wellington, South Africa","(-33.6404794, 19.0096562)"
645,"Beira Interior, Portugal","(40.277859, -7.508983)"
646,"Southern Flinders Ranges, Australia","(-31.4932679, 138.4896887)"
647,"Napa-Carneros, USA","(38.2554556, -122.3348556)"
648,"Catalonia, Spain","(41.5911589, 1.5208624)"
649,"Thracian Valley, Bulgaria","(42.1440261, 24.748362)"
650,"Lago di Corbara, Italy","(42.7168337, 12.2519308)"
651,"Gisborne, New Zealand","(-38.6640913, 178.0227931)"
652,"Coteaux Varois, France","(43.3937706, 6.0407342)"
653,"Moldova, Moldova","(47.411631, 28.369885)"
654,"Santa Cruz, Chile","(-34.6324213, -71.3592116)"
655,"Verdicchio dei Castelli di Jesi, Italy","(43.4942649, 13.1374959)"
656,"Offida Pecorino, Italy","(42.929348, 13.6997866)"
657,"Korčula, Croatia","(42.9584041, 17.1342309)"
658,"Crete, Greece","(35.240117, 24.8092691)"
659,"Verdicchio dei Castelli di Jesi Classico, Italy","(41.8977726, -87.62239799999999)"
660,"Crozes-Hermitage, France","(45.09032, 4.846723)"
661,"Sant'Antimo, Italy","(40.9420301, 14.2308738)"
662,"Wairau Valley, New Zealand","(-41.5653356, 173.5285568)"
663,"Côtes du Roussillon Villages Tautavel, France","(42.7595153, 2.7543367)"
664,"Côtes du Roussillon Villages, France","(42.7677552, 2.6558528)"
665,"Aglianico del Taburno, Italy","(33.5198999, -112.0645892)"
666,"Castel del Monte, Italy","(42.3647038, 13.7266016)"
667,"Albana di Romagna, Italy","(44.2395276, 11.916027)"
668,"Colli di Faenza, Italy","(44.2983651, 11.9038642)"
669,"Sangiovese di Romagna, Italy","(33.3483333, -111.9088889)"
670,"Vin de Liqueur, France","(38.299478, -122.285282)"
671,"Aegean, Turkey","(25.8159407, -80.19163379999999)"
672,"Fixin, France","(47.24534, 4.972309)"
673,"Marsannay, France","(47.270302, 4.988667)"
674,"Corton, France","(47.065692, 4.85994)"
675,"Latricières-Chambertin, France","(47.2085162, 4.9638282)"
676,"Fleurie, France","(46.192646, 4.6974557)"
677,"Martinborough, New Zealand","(-41.2185335, 175.459548)"
678,"Fronton, France","(43.840098, 1.389654)"
679,"Premieres Côtes de Blaye, France","(None, None)"
680,"Simonsberg-Paarl, South Africa","(54.436667, 8.971943999999999)"
681,"Juanico, Uruguay","(-34.5907059, -56.2566093)"
682,"Black Sea Coastal, Bulgaria","(42.49253, 27.4746)"
683,"Santa Catarina, Brazil","(-27.2423392, -50.2188556)"
684,"Pays d'Oc, France","(43.5711623, 3.876701599999999)"
685,"Vin de Pays des Côtes Catalanes, France","(40.7559064, -73.9673248)"
686,"Malibu-Newton Canyon, USA","(34.0771073, -118.8165469)"
687,"Vino de la Tierra Contraviesa Alpujarra, Spain","(36.880581, -3.185691)"
688,"Mount Harlan, USA","(36.6974604, -121.405214)"
689,"Pla de Bages, Spain","(41.7852616, 1.8708613)"
690,"Overberg, South Africa","(-34.4897034, 20.402376)"
691,"Sonoma-Napa-Mendocino, USA","(38.291859, -122.4580356)"
692,"Atalanti Valley, Greece","(38.6528663, 22.998361)"
693,"Dolcetto d'Acqui, Italy","(41.9013668, -87.6275904)"
694,"San Francisco Bay, USA","(37.6909682, -122.3107517)"
695,"Sebes, Romania","(45.9595588, 23.5663758)"
696,"Nagambie Lakes, Australia","(-36.7842847, 145.1417222)"
697,"Côte Chalonnaise, France","(46.78004079999999, 4.7409998)"
698,"Coste della Sesia, Italy","(41.8814741, -87.6246755)"
699,"Moscatel de Setúbal, Portugal","(38.5243459, -8.8929359)"
700,"Macedonia, Greece","(40.8176812, 22.8527142)"
701,"Chelan County, USA","(47.9445331, -120.6749068)"
702,"Riverina, Australia","(-29.750299, 120.553001)"
703,"Ribatejo, Portugal","(41.1598757, -73.863523)"
704,"Saddle Rock-Malibu, USA","(34.09461599999999, -118.8207687)"
705,"Clos de la Roche, France","(37.68572080000001, -97.335374)"
706,"Savigny-lès-Beaune, France","(47.0644992, 4.817557799999999)"
707,"Vougeot, France","(47.176617, 4.962975)"
708,"Wrattonbully, Australia","(-37.1624826, 140.9351108)"
709,"Saint-Aubin, France","(46.950588, 4.707633)"
710,"Moon Mountain District Sonoma County, USA","(38.34049419999999, -122.4748415)"
711,"Loazzolo, Italy","(44.6688073, 8.258573799999999)"
712,"Humboldt County, USA","(40.7450055, -123.8695086)"
713,"Palmela, Portugal","(38.569441, -8.9016937)"
714,"Galil, Israel","(40.4652671, -75.1280822)"
715,"Moulin-à-Vent, France","(46.205148, 4.724786)"
716,"Sforzato di Valtellina, Italy","(46.1633869, 9.8447202)"
717,"Chile, Chile","(-35.675147, -71.542969)"
718,"Curtefranca, Italy","(26.7110036, -80.0542782)"
719,"Kras, Slovenia","(45.7473763, 13.8719344)"
720,"Croatia, Croatia","(45.1, 15.2000001)"
721,"Waipara, New Zealand","(-43.0551367, 172.7590715)"
722,"Saumur-Champigny, France","(47.2547214, -0.0834137)"
723,"Awatere Valley, New Zealand","(-41.991587, 173.4336118)"
724,"Monteregio di Massa Marittima, Italy","(43.045981, 10.880048)"
725,"Napa-Sonoma-Marin, USA","(38.291859, -122.4580356)"
726,"Muscat de Rivesaltes, France","(27.1009639, -82.4459952)"
727,"Montecucco, Italy","(44.9932581, 9.3789985)"
728,"Condrieu, France","(45.4617223, 4.7680113)"
729,"Côtes du Tarn, France","(43.8170547, 1.7313938)"
730,"Vin de Table Francais, France","(40.6920591, -73.9429129)"
731,"Olifants River, South Africa","(-24.3688001, 30.6473144)"
732,"Valle d'Aosta, Italy","(45.7388878, 7.426186599999999)"
733,"Santa Clara County, USA","(37.3336581, -121.8907041)"
734,"Lussac Saint-Émilion, France","(44.949033, -0.096263)"
735,"Chignin-Bergeron, France","(45.523454, 6.011586899999999)"
736,"Vin Santo del Chianti Rufina, Italy","(43.7983982, 11.4683869)"
738,"Côtes du Roussillon, France","(37.7746773, -122.391388)"
739,"Côtes de Duras, France","(44.6699813, 0.1853604)"
740,"Côtes de Gascogne, France","(41.9017752, -87.627623)"
741,"Puget Sound, USA","(47.7236535, -122.4713352)"
742,"Chambertin Clos de Bèze, France","(47.2164131, 4.9660175)"
743,"Corton-Rognet, France","(42.2900979, -85.5834488)"
744,"Corton Vergennes, France","(47.0717829, 4.8663697)"
745,"Chapelle-Chambertin, France","(47.2156575, 4.968552499999999)"
746,"Montrachet, France","(46.945092, 4.753296)"
747,"Anjou Villages, France","(38.8825185, -76.99526759999999)"
748,"Cadillac, France","(44.63702199999999, -0.320481)"
749,"Pangeon, Greece","(40.9166667, 24.0833333)"
750,"Chinon, France","(47.167296, 0.240385)"
751,"Marchigue, Chile","(-34.3961235, -71.6200289)"
752,"Pago de Arínzano, Spain","(40.7536162, -73.9768648)"
753,"Passito di Pantelleria, Italy","(36.823645, 11.936388)"
754,"Costers del Segre, Spain","(41.599156, 0.5812269999999999)"
755,"Beneventano, Italy","(41.1297613, 14.7826208)"
756,"Bourgogne Hautes Côtes de Beaune, France","(46.9979057, 4.7747405)"
757,"Coteaux du Layon Chaume, France","(41.8977726, -87.62239799999999)"
758,"McLaren Vale-Adelaide Hills, Australia","(-35.0858138, 138.6777686)"
759,"Colli Piacentini, Italy","(40.6826786, -73.9637937)"
760,"Emilia, Italy","(44.5967607, 11.2186396)"
761,"Puente Alto, Chile","(-33.6186082, -70.5906057)"
762,"Alto Adige Terlano, Italy","(46.5384622, 11.2421084)"
763,"Saumur, France","(47.260135, -0.08089299999999999)"
764,"Australia, Australia","(-25.274398, 133.775136)"
765,"Nelson, New Zealand","(-41.2985321, 173.2443635)"
766,"Snipes Mountain, USA","(46.3285408, -120.0079879)"
767,"Long Island, USA","(40.789142, -73.13496099999999)"
768,"Lolol Valley, Chile","(-34.728699, -71.6452075)"
769,"Martina, Italy","(40.7028666, 17.3392645)"
770,"Lacryma Christi del Vesuvio, Italy","(40.780676, 14.440112)"
771,"Neusiedlersee, Austria","(47.8650427, 16.7775594)"
772,"Solano County Green Valley, USA","(38.2529705, -122.1621917)"
773,"California-Oregon, USA","(39.59388999999999, -121.52833)"
774,"Colorado, USA","(39.5500507, -105.7820674)"
775,"Wairarapa, New Zealand","(-41.2128811, 175.2411958)"
776,"Groenekloof, South Africa","(-25.7740895, 28.2204987)"
777,"Guenoc Valley, USA","(38.7359634, -122.5283555)"
778,"Terre del Volturno, Italy","(41.1818196, 14.4521422)"
779,"Utiel-Requena, Spain","(39.5694342, -1.203722)"
780,"Alenquer, Portugal","(39.0574004, -9.0063654)"
781,"Soave Colli Scaligeri, Italy","(45.4616134, 11.2398153)"
782,"Goriska Brda, Slovenia","(45.95575729999999, 13.4675302)"
783,"Languedoc, France","(43.5912356, 3.2583626)"
784,"Murfatlar, Romania","(44.1735518, 28.4105479)"
785,"Colline Novaresi, Italy","(30.2482125, -97.7714079)"
786,"Napa County-Sonoma County-San Joaquin County, USA","(37.9175935, -121.1710389)"
787,"Côte de Brouilly, France","(46.100171, 4.656352)"
788,"Southwest France, France","(46.227638, 2.213749)"
789,"Washington-Oregon, USA","(45.5469616, -123.1386021)"
790,"Bourgogne Gamay, France","(36.1130263, -95.97528539999999)"
791,"Terre di Franciacorta, Italy","(41.890858, -87.64790789999999)"
792,"Serra Gaúcha, Brazil","(33.6340669, -112.2352116)"
793,"San Jose, Uruguay","(-34.3086518, -56.72563659999999)"
794,"Montevideo, Uruguay","(-34.9011127, -56.16453139999999)"
795,"Rosso di Toscana, Italy","(42.9370963, 10.5038823)"
796,"Adelaide, Australia","(-34.9284989, 138.6007456)"
797,"Lenswood, Australia","(-34.9172455, 138.8315666)"
798,"Côte de Beaune, France","(47.008844, 4.797524399999999)"
799,"Ica, Peru","(-14.07546, -75.7341811)"
800,"Lake Chelan, USA","(48.0269741, -120.3377317)"
801,"Valpolicella Ripasso Classico, Italy","(41.8085053, -88.2011075)"
802,"Solano County, USA","(38.3104969, -121.9017954)"
803,"Vienna, Austria","(48.2081743, 16.3738189)"
804,"Chianti Colli Fiorentini, Italy","(41.9043891, -87.6301549)"
805,"Lutzville Valley, South Africa","(-31.5604197, 18.3499918)"
806,"Valpolicella, Italy","(45.5205517, 10.8869911)"
807,"Duriense, Portugal","(40.7895134, -73.9758964)"
808,"Swan Creek, USA","(41.5421787, -83.9532571)"
809,"Tierra de León, Spain","(42.5322768, -83.1994287)"
810,"Apalta, Chile","(-34.5923685, -71.2922047)"
811,"Mudgee, Australia","(-32.6144566, 149.5733291)"
812,"New South Wales, Australia","(-31.2532183, 146.921099)"
813,"Rosso Piceno Superiore, Italy","(41.885825, -87.6489435)"
814,"Offida Passerina, Italy","(42.929348, 13.6997866)"
815,"Vin de Pays du Lot, France","(44.486856, 1.107466)"
816,"Malleco, Chile","(-38.1635613, -72.5204827)"
817,"Venezie, Italy","(45.92950219999999, 11.5621417)"
818,"Riviera Ligure di Ponente, Italy","(43.1945753, 8.1338558)"
819,"Tulum Valley, Argentina","(40.7510502, -73.9932346)"
820,"Pompeiano, Italy","(43.8565049, 7.8854795)"
821,"Epomeo, Italy","(40.73023269999999, 13.8942535)"
822,"Roccamonfina, Italy","(41.2928103, 13.9851231)"
823,"Tierra de Castilla, Spain","(37.7746773, -122.391388)"
824,"Bourgogne Epineuil, France","(47.874593, 3.980885)"
825,"Colli di Salerno, Italy","(None, None)"
826,"Viile Timisului, Romania","(45.8138902, 21.3331055)"
827,"Guerrouane, Morocco","(25.8108707, -80.3822459)"
828,"Valais, Switzerland","(46.1904614, 7.5449226)"
829,"Tuolumne County, USA","(38.029655, -119.9740534)"
830,"Côtes-du-Ventoux, France","(34.2367171, -77.9478996)"
831,"Getariako Txakolina, Spain","(43.3026416, -2.2042824)"
832,"Choapa Valley, Chile","(-31.8040841, -71.0022311)"
833,"Jurançon Sec, France","(43.287723, -0.390892)"
834,"Tarantino, Italy","(40.46436060000001, 17.2470303)"
835,"Saint-Mont, France","(43.650444, -0.147616)"
836,"Crémant de Bordeaux, France","(44.720803, -0.377081)"
837,"Vale dos Vinhedos, Brazil","(-29.1962673, -51.5574014)"
838,"Malibu Coast, USA","(34.0259216, -118.7797571)"
839,"Rully, France","(46.875041, 4.740823)"
840,"Saint-Amour, France","(46.4363219, 5.345254)"
841,"Lambrusco di Sorbara, Italy","(44.754838, 11.00807)"
842,"Asti, Italy","(44.90075119999999, 8.2064257)"
843,"Lambrusco Grasparossa di Castelvetro, Italy","(44.5185391, 10.9299645)"
844,"Carmignano, Italy","(43.8007472, 11.0146187)"
845,"Mittelrhein, Germany","(50.1614667, 7.7008637)"
846,"Bullas, Spain","(38.0433449, -1.6736397)"
847,"Clear Lake, USA","(39.05819049999999, -122.831015)"
848,"Durbanville, South Africa","(-33.8275335, 18.6526846)"
849,"Bonnes-Mares, France","(47.1917145, 4.9570874)"
850,"Mâcon-Lugny, France","(46.471672, 4.80982)"
851,"Eisenberg, Austria","(47.166, 16.44581)"
852,"Rasteau, France","(44.231277, 4.986897)"
853,"Obidos, Portugal","(39.3604212, -9.1582014)"
854,"Bordeaux Clairet, France","(44.754501, -0.487497)"
855,"Cilento, Italy","(40.6678725, -74.4821517)"
856,"Coteaux Varois en Provence, France","(43.3937706, 6.0407342)"
857,"Outer Coastal Plain, USA","(36.8975794, -95.9260927)"
858,"Shenandoah Valley, USA","(38.0200031, -79.560344)"
859,"Yadkin Valley, USA","(36.2023597, -80.6770787)"
860,"Costa d'Amalfi, Italy","(40.6333389, 14.6028963)"
861,"Mostar, Bosnia and Herzegovina","(43.34377480000001, 17.8077578)"
862,"Iowa, USA","(41.8780025, -93.097702)"
863,"Premieres Côtes de Bordeaux, France","(39.6388417, -106.5213078)"
864,"Chianti Montalbano, Italy","(41.0996739, -73.4189674)"
865,"Mornington Peninsula, Australia","(-38.2854053, 145.093449)"
866,"Bourgogne Aligoté, France","(45.517604, -122.6813022)"
867,"Auxey-Duresses, France","(46.986357, 4.747390999999999)"
868,"Orvieto Classico Superiore, Italy","(35.9664281, -86.804184)"
869,"Saint-Romain, France","(46.99825800000001, 4.708748)"
870,"Lugana Superiore, Italy","(44.9712694, -93.28621389999999)"
871,"Cesanese del Piglio, Italy","(41.8259941, 13.1341835)"
872,"Banyuls, France","(42.48343, 3.128874)"
873,"Friuli Venezia Giulia, Italy","(46.2259177, 13.1033646)"
874,"Patras, Greece","(38.2466395, 21.734574)"
875,"Monterey-Santa Barbara, USA","(34.4217436, -119.7267751)"
876,"Franken, Germany","(50.08972310000001, 11.9190005)"
877,"Sonoma County-Monterey County-Napa County, USA","(36.599774, -121.8953841)"
878,"Rosé d'Anjou, France","(40.7330117, -73.9987735)"
879,"Rubicone, Italy","(44.07501389999999, 12.3642596)"
880,"Vittoria Frappato, Italy","(36.989738, 14.5445575)"
881,"Mâcon La Roche Vineuse, France","(46.34679200000001, 4.719113)"
882,"Muscat de Beaumes de Venise, France","(33.0790658, -96.8266936)"
883,"Korinthia, Greece","(38.0022977, 22.5245093)"
884,"Bergerac, France","(44.853806, 0.483392)"
885,"Echézeaux, France","(47.16536199999999, 4.979823)"
886,"Colli di Luni, Italy","(44.0777715, 10.0139288)"
887,"Soave Classico Superiore, Italy","(41.8085053, -88.2011075)"
888,"San Clemente, Chile","(-35.5362386, -71.4872994)"
889,"Corton Grèves, France","(40.6499364, -74.3490908)"
890,"Entre-Deux-Mers, France","(44.7762875, -0.3495841)"
891,"Barbera del Monferrato, Italy","(44.7891927, 8.1792783)"
892,"Copertino, Italy","(40.2696379, 18.0604887)"
893,"Alta Mesa, USA","(33.440587, -111.7070613)"
894,"Vacqueyras, France","(44.13846299999999, 4.982689)"
895,"Coteaux de Verdon, France","(36.0554487, -96.00503499999999)"
896,"Podunavlje, Croatia","(45.630613, 18.8133484)"
897,"Mâcon, France","(46.3068839, 4.828730999999999)"
898,"Saint-Chinian, France","(43.418646, 2.945129)"
899,"Lake Erie, USA","(42.0668852, -81.3399414)"
900,"Lirac, France","(44.03527500000001, 4.693796)"
901,"Côtes de Provence Sainte-Victoire, France","(43.5319728, 5.6127511)"
902,"Mokelumne River, USA","(38.1097595, -121.5749849)"
903,"Florina, Greece","(40.78452619999999, 21.4131222)"
904,"Buin, Chile","(-33.7313897, -70.742431)"
905,"Francs Côtes de Bordeaux, France","(44.936198, -0.02241)"
906,"Manchuela, Spain","(30.2482125, -97.7714079)"
907,"Biferno Rosso, Italy","(26.1628149, -81.8088796)"
908,"Régnié, France","(46.148683, 4.6401625)"
909,"Sonoma County-Lake County, USA","(38.5779555, -122.9888319)"
910,"Languedoc-Roussillon, France","(43.5912356, 3.2583626)"
911,"France, France","(46.227638, 2.213749)"
912,"Colli Perugini, Italy","(43.1118776, 12.3874652)"
913,"Aleatico dell'Elba, Italy","(42.75813549999999, 10.2376151)"
914,"Bío Bío Valley, Chile","(-37.4464428, -72.1416132)"
915,"Corbières-Boutenac, France","(43.1485716, 2.79395)"
916,"Touraine, France","(47.3020954, 0.6921741)"
917,"Israel, Israel","(31.046051, 34.851612)"
918,"Haut-Judeé, Israel","(31.807807, 35.091355)"
919,"Ohio, USA","(40.4172871, -82.90712300000001)"
920,"Vin de Pays du Val de Cesse, France","(43.287046, 2.888213)"
921,"Pécharmant, France","(44.86747099999999, 0.520136)"
922,"Saussignac, France","(44.800008, 0.326801)"
923,"Limoux, France","(43.053289, 2.218142)"
924,"Madrid, Spain","(40.4167754, -3.7037902)"
925,"San Luis Obispo, USA","(35.2827524, -120.6596156)"
926,"Vino de Mesa, Spain","(33.6421783, -117.9185608)"
927,"Italy, Italy","(28.1376577, -80.6729943)"
928,"Maipo Valley-Colchagua Valley, Chile","(-33.8088442, -70.7644236)"
929,"Noto, Italy","(36.8924433, 15.0651945)"
930,"Campi Flegrei, Italy","(40.827, 14.139)"
931,"Bendigo, Australia","(-36.7570157, 144.2793906)"
932,"Friuli Isonzo, Italy","(46.0506799, 13.5956455)"
933,"Vin de Pays de L'Aude, France","(43.18780779999999, 2.5494826)"
934,"Terre di Chieti, Italy","(32.443335, -97.787711)"
935,"Romagna, Italy","(44.5967607, 11.2186396)"
936,"Breedekloof, South Africa","(-33.681831, 19.3143778)"
937,"Vin de Pays du Gard, France","(43.99084329999999, 4.4399744)"
938,"Colline Teatine, Italy","(37.7875373, -122.3989595)"
939,"Barbera d'Asti Superiore Nizza, Italy","(41.6597893, -91.53151129999999)"
940,"Cederberg, South Africa","(-32.5891202, 19.0118251)"
941,"Montilla-Moriles, Spain","(34.0240902, -118.4917404)"
942,"Côte Rôtie, France","(29.7538656, -95.3613323)"
943,"Vermont, USA","(44.5588028, -72.57784149999999)"
944,"Garda Classico, Italy","(39.1437164, -76.6324343)"
945,"Montenetto di Brescia, Italy","(45.4681, 10.1301)"
946,"Lombardy, Italy","(45.47906709999999, 9.8452433)"
947,"Benaco Bresciano, Italy","(45.6049385, 10.6351414)"
948,"Musigny, France","(47.163708, 4.517347)"
949,"Chambertin, France","(47.225962, 4.968738999999999)"
950,"Clos Saint-Denis, France","(48.9490671, 2.3749337)"
951,"Côtes du Lot, France","(37.7746773, -122.391388)"
952,"Heathcote, Australia","(-36.916667, 144.7)"
953,"Malvasia delle Lipari, Italy","(38.49714669999999, 14.9127941)"
954,"Switzerland, Switzerland","(46.818188, 8.227511999999999)"
955,"Waitaki Valley, New Zealand","(-44.8111179, 170.2915538)"
956,"Golan Heights, Israel","(33.01558540000001, 35.784354)"
957,"Côtes du Frontonnais, France","(43.8361935, 1.3979609)"
958,"Fruška Gora, Serbia","(45.1570803, 19.7093272)"
959,"Mittelburgenland, Austria","(47.49497, 16.50879)"
960,"Philadelphia, South Africa","(-33.6666209, 18.5811957)"
961,"Marsala, Italy","(37.7981074, 12.4372236)"
962,"Muzla, Slovakia","(47.7922734, 18.5974801)"
963,"Marca Trevigiana, Italy","(42.9344054, -73.81208649999999)"
964,"Colli di Conegliano, Italy","(45.8925141, 12.3097453)"
965,"Chianti Colli Aretini, Italy","(43.4941435, 11.5780983)"
966,"Napa County-Sonoma County, USA","(38.291859, -122.4580356)"
967,"Monterrei, Spain","(41.9470179, -7.449239599999999)"
968,"Mendocino-Lake, USA","(39.2173837, -123.171699)"
969,"Dogliani, Italy","(44.5319723, 7.949748199999999)"
970,"Mátra, Hungary","(47.8833333, 19.95)"
971,"Kakheti, Georgia","(41.6481602, 45.6905554)"
972,"Saint-Nicolas-de-Bourgueil, France","(47.284852, 0.12535)"
973,"Monterey-Santa Cruz, USA","(36.9741171, -122.0307963)"
974,"Pomino, Italy","(43.81774799999999, 11.5481573)"
975,"Teroldego Rotaliano, Italy","(46.2064495, 11.1000317)"
976,"Vinho Espumante de Qualidade, Portugal","(38.299478, -122.285282)"
977,"North Carolina, USA","(35.7595731, -79.01929969999999)"
978,"Cortese di Gavi, Italy","(44.6877629, 8.8036549)"
979,"York Mountain, USA","(42.0092908, -74.3821116)"
980,"Texas High Plains, USA","(33.57292109999999, -101.9045895)"
981,"Petit Chablis, France","(38.439698, -105.2394224)"
982,"Ben Lomond Mountain, USA","(41.363274, -111.960498)"
983,"Colli Bolognesi, Italy","(41.8977726, -87.62239799999999)"
984,"Lambrusco Reggiano, Italy","(38.850139, -104.867159)"
985,"Emilia-Romagna, Italy","(44.5967607, 11.2186396)"
986,"Château-Chalon, France","(46.7549, 5.626337899999999)"
987,"Irancy, France","(47.71398199999999, 3.665354999999999)"
988,"Pitsilia Mountains, Cyprus","(34.9219817, 32.879425)"
989,"Cigales, Spain","(41.7733965, -4.7174062)"
990,"Attica, Greece","(38.0457568, 23.8584737)"
991,"Vin de Pays Var, France","(43.3937706, 6.0407342)"
992,"Savennières-Roche-Aux-Moines, France","(47.389353, -0.641455)"
993,"Jujuy, Argentina","(-24.1857864, -65.2994767)"
994,"Galatina, Italy","(40.17582280000001, 18.1724756)"
995,"Vin de Pays des Portes de Méditerranée, France","(34.5531284, 18.0480105)"
996,"Alcamo, Italy","(37.9783947, 12.9686255)"
997,"Soave Superiore, Italy","(45.4544384, 11.2358335)"
998,"Hungary, Hungary","(47.162494, 19.5033041)"
999,"Vermentino di Gallura, Italy","(40.8051102, 9.321366399999999)"
1000,"Elazığ-Diyarbakir, Turkey","(37.9197414, 40.2324199)"
1001,"Brulhois, France","(44.177717, 0.515621)"
1002,"Jonkershoek Valley, South Africa","(-33.9512794, 18.9052428)"
1003,"Tikves, Macedonia","(41.4351304, 22.0028083)"
1004,"Uruguay, Uruguay","(-32.522779, -55.765835)"
1005,"Limestone Coast, Australia","(-36.7235617, 140.3481835)"
1006,"Chianti Superiore, Italy","(36.1078097, -86.8154321)"
1007,"Rosazzo, Italy","(45.9915583, 13.4415929)"
1008,"Progreso, Uruguay","(-34.6636109, -56.2230875)"
1009,"Verdicchio di Matelica, Italy","(43.2711212, 13.0058802)"
1010,"Columbia Valley-Walla Walla Valley, USA","(46.0650436, -118.3395156)"
1011,"Gutturnio Colli Piacentini, Italy","(45.0303354, 9.6863615)"
1012,"Waiheke Island, New Zealand","(-36.8000487, 175.1009721)"
1013,"Ardèche, France","(44.759629, 4.5624426)"
1014,"Napa-Mendocino-Sonoma-Marin, USA","(38.2949874, -122.4760013)"
1015,"Great Southern, Australia","(42.49659370000001, -96.4053679)"
1016,"Ankara, Turkey","(39.9333635, 32.8597419)"
1017,"Molina, Chile","(-35.1164987, -71.2829759)"
1018,"Serra do Sudeste, Brazil","(-31.6562664, -52.9592649)"
1019,"Marcillac, France","(45.269046, -0.5232089999999999)"
1020,"Leyda Valley-Maipo Valley, Chile","(29.602645, -95.622074)"
1021,"Rutherglen, Australia","(-36.055556, 146.4625)"
1022,"Mâcon-Charnay, France","(46.3094444, 4.8011956)"
1023,"Dalmatian Coast, Croatia","(43.5083294, 16.4368922)"
1024,"Eilandia, South Africa","(-33.7725, 19.67317)"
1025,"Ancient Lakes, USA","(47.1507025, -119.9454183)"
1026,"Mount Barker, Australia","(-35.0809029, 138.8634671)"
1027,"Dealurile Munteniei, Romania","(None, None)"
1028,"Côtes de Bergerac, France","(44.8593768, 0.5068232)"
1029,"Rivesaltes, France","(42.768583, 2.871763000000001)"
1030,"Cérons, France","(44.631404, -0.337996)"
1031,"Sonoma, USA","(38.5779555, -122.9888319)"
1032,"Rhône Valley, France","(36.154061, -95.99103)"
1033,"Thraki, Greece","(41.1295126, 24.8877191)"
1034,"Orvieto, Italy","(42.7185068, 12.1107446)"
1035,"Sainte-Foy Bordeaux, France","(44.85012039999999, -0.5692298)"
1036,"Curicó and Maipo Valleys, Chile","(-34.9859489, -71.2417746)"
1037,"Štajerska, Slovenia","(46.3111036, 15.5122711)"
1038,"Middle and South Dalmatia, Croatia","(41.8642219, -87.62385239999999)"
1039,"Gioia del Colle, Italy","(40.7990706, 16.9221587)"
1040,"Coteaux du Layon, France","(47.31684310000001, -0.6202728)"
1041,"Kentucky, USA","(37.8393332, -84.2700179)"
1042,"Prince Edward County, Canada","(44.0003383, -77.25049369999999)"
1043,"Elkton Oregon, USA","(43.6376174, -123.568152)"
1044,"Vittoria, Italy","(36.9520998, 14.5372653)"
1045,"Extremadura, Spain","(39.4937392, -6.0679194)"
1046,"Župa, Serbia","(42.9712396, 20.3606701)"
1047,"Vino da Tavola, Italy","(42.9344054, -73.81208649999999)"
1048,"Southern Fleurieu, Australia","(-35.5, 138.5)"
1049,"Clements Hills, USA","(42.0457458, -70.1916383)"
1050,"Vinos de Madrid, Spain","(40.413248, -3.706585)"
1051,"Calabria, Italy","(39.3087714, 16.3463791)"
1052,"Barbera del Monferrato Superiore, Italy","(40.9508648, -73.8268884)"
1053,"Custoza, Italy","(45.3729347, 10.7962865)"
1054,"Contea di Sclafani, Italy","(39.7616118, -86.154422)"
1055,"Ahr, Germany","(50.46560059999999, 6.9512367)"
1056,"Dolcetto di Diano d'Alba, Italy","(44.650586, 8.027121)"
1057,"Montagny, France","(45.620885, 4.747657999999999)"
1058,"Vin de Pays de l'Ile de Beauté, France","(40.6937019, -73.965586)"
1059,"Romania, Romania","(45.943161, 24.96676)"
1060,"Blanquette de Limoux, France","(43.055162, 2.204333)"
1061,"Pafos, Cyprus","(34.7720133, 32.4297369)"
1062,"Venezia, Italy","(45.4408474, 12.3155151)"
1063,"Monemvasia, Greece","(36.6876016, 23.056032)"
1064,"Samos, Greece","(37.7547857, 26.9777701)"
1065,"Fitou, France","(42.893306, 2.978041)"
1066,"Tulbagh, South Africa","(-33.2872221, 19.1434108)"
1067,"Elazığ, Turkey","(38.674816, 39.22251500000001)"
1068,"Danube River Plains, Bulgaria","(43.2500601, 25.3337055)"
1069,"Cappadocia, Turkey","(38.3534949, 35.0911156)"
1070,"San Francisco Bay-Livermore Valley, USA","(37.6818688, -121.7684732)"
1071,"Primorska, Slovenia","(45.9005145, 13.8743767)"
1072,"Clairette de Bellegarde, France","(43.7506561, 4.518505)"
1073,"Provincia di Pavia, Italy","(45.3218166, 8.8466236)"
1074,"Montepulciano d'Abruzzo Cerasuolo, Italy","(42.1790825, 13.8052814)"
1075,"Colline Lucchesi, Italy","(43.9061583, 10.59215)"
1076,"Emporadà-Costa Brava, Spain","(42.3882909, 3.0012155)"
1077,"Recioto di Soave Classico, Italy","(42.3401134, -71.5827039)"
1078,"Zenata, Morocco","(33.7020666, -7.3963679)"
1079,"Bramaterra, Italy","(45.5955346, 8.253127100000002)"
1080,"Fara, Italy","(42.2092663, 12.7293035)"
1081,"Ismarikos, Greece","(45.519926, -73.5977389)"
1082,"Bardolino, Italy","(45.5453076, 10.6914197)"
1083,"Côtes du Luberon, France","(45.6402905, 5.6864994)"
1084,"Canon-Fronsac, France","(44.9264784, -0.2930427)"
1085,"Côtes de Castillon, France","(29.7538656, -95.3613323)"
1086,"Bardolino Chiaretto, Italy","(36.1262939, -86.77591029999999)"
1087,"Primitivo del Salento, Italy","(40.3473724, 18.1721631)"
1088,"Western Connecticut Highlands, USA","(34.910585, -82.4277749)"
1089,"Terrazze Retiche di Sondrio, Italy","(46.1873888, 10.1095317)"
1090,"Passito di Noto, Italy","(36.8921529, 15.0700378)"
1091,"Eger, Hungary","(47.9025348, 20.3772284)"
1092,"Curicó and Leyda Valleys, Chile","(-34.9779853, -71.2528803)"
1093,"Vin de Pays des Alpilles, France","(43.7577242, 4.8512089)"
1094,"Grampians, Australia","(-37.2108819, 142.3979571)"
1095,"Currency Creek, Australia","(-35.4373405, 138.7586849)"
1096,"Agioritikos, Greece","(38.9634014, -77.0750071)"
1097,"Mâcon-Verze, France","(46.376678, 4.734818)"
1098,"Casablanca-Curicó Valley, Chile","(-35.0723787, -71.25637189999999)"
1099,"Muscadet Sèvre et Maine Clisson, France","(47.09796859999999, -1.2520154)"
1100,"Aude Hauterive, France","(43.0724667, 2.3813621)"
1101,"Ribera del Guadiana, Spain","(38.679412, -6.396338)"
1102,"Toledo, Spain","(39.8628316, -4.027323099999999)"
1103,"Beotia, Greece","(38.3663664, 23.0965064)"
1104,"Algarve, Portugal","(37.0179538, -7.930834000000001)"
1105,"Monterey-Santa Barbara-Sonoma, USA","(36.6002378, -121.8946761)"
1106,"Hemel en Aarde, South Africa","(-34.4116592, 19.2065868)"
1107,"Vi de la Terra Mallorca, Spain","(40.4949803, -74.4408843)"
1108,"Abruzzo, Italy","(42.1920119, 13.7289167)"
1109,"Canelones, Uruguay","(-34.5291043, -56.2873482)"
1110,"Colli Tortonesi, Italy","(40.7254266, -74.0046926)"
1111,"Amindeo, Greece","(40.6905178, 21.6797432)"
1112,"Terras do Sado, Portugal","(41.5050714, -74.0051673)"
1113,"Montescudaio, Italy","(43.326165, 10.6265654)"
1114,"Coteaux Bourguignons, France","(39.0273026, -94.5843462)"
1115,"Val de Loire, France","(47.5532402, 1.0105289)"
1116,"Piccadilly Valley, Australia","(-34.9749399, 138.72829)"
1117,"Lake County-Mendocino County, USA","(39.2173837, -123.171699)"
1118,"Côte de Beaune-Villages, France","(47.008844, 4.797524399999999)"
1119,"Meursault-Blagny, France","(46.9593433, 4.7415055)"
1120,"Cape South Coast, South Africa","(42.365002, -71.058003)"
1121,"Sonoma County-Monterey County-Santa Barbara County, USA","(34.4127548, -119.6889645)"
1122,"Orcia, Italy","(43.055325, 11.6987712)"
1123,"Germany, Germany","(38.9144818, -77.0888434)"
1124,"Yamhill County, USA","(45.1771983, -123.2395303)"
1125,"Mendocino-Lake County-Napa, USA","(38.6097407, -122.254045)"
1126,"Templeton Gap District, USA","(33.8213349, -116.5452378)"
1127,"Sopron, Hungary","(47.68166189999999, 16.5844795)"
1128,"Georgia, Georgia","(33.7706534, -84.55117919999999)"
1129,"Montecarlo, Italy","(43.8534454, 10.6657906)"
1130,"Monterey-San Luis Obispo-Santa Barbara, USA","(35.2829833, -120.6585685)"
1131,"Bulgaria, Bulgaria","(42.733883, 25.48583)"
1132,"Recioto della Valpolicella, Italy","(45.5205517, 10.8869911)"
1133,"Colli Euganei, Italy","(45.3166667, 11.6666667)"
1134,"Contessa Entellina, Italy","(37.7295385, 13.1833552)"
1135,"Moscato di Noto, Italy","(36.8924433, 15.0651945)"
1136,"North Dalmatia, Croatia","(41.8642219, -87.62385239999999)"
1137,"Diano d'Alba, Italy","(44.64998809999999, 8.0271337)"
1138,"Prosecco Treviso, Italy","(45.64415349999999, 12.2731666)"
1139,"Prosecco Superiore di Cartizze, Italy","(40.72334619999999, -73.99652569999999)"
1140,"Chignin, France","(45.523454, 6.011586899999999)"
1141,"Controguerra, Italy","(42.85042199999999, 13.8123653)"
1142,"Northern Cape, South Africa","(-29.0466808, 21.8568586)"
1143,"San Carlos, Argentina","(-41.1334722, -71.3102778)"
1144,"Valdobbiadene Superiore di Cartizze, Italy","(45.8945185, 11.9852844)"
1145,"Austria, Austria","(47.516231, 14.550072)"
1146,"Gard, France","(43.9446996, 4.1513764)"
1147,"Kutjevo, Croatia","(45.42588139999999, 17.88337)"
1148,"Valli di Porto Pino, Italy","(38.9481209, 8.6208777)"
1149,"Greece, Greece","(39.074208, 21.824312)"
1150,"Vinho da Mesa, Portugal","(38.8402416, -7.628929299999999)"
1151,"Bizkaiko Txakolina, Spain","(42.38818, -71.095545)"
1152,"Hvar, Croatia","(43.1729478, 16.4411136)"
1153,"Cephalonia, Greece","(38.1753675, 20.5692179)"
1154,"Carneros-Napa Valley, USA","(38.25552, -122.3513889)"
1155,"Falerio dei Colli Ascolani, Italy","(None, None)"
1156,"Erbaluce di Caluso, Italy","(45.3052855, 7.888083399999999)"
1157,"Mamertino, Italy","(38.0325358, 14.7726781)"
1158,"Civitella d'Agliano, Italy","(42.6042926, 12.1859029)"
1159,"Beaujolais Blanc, France","(45.5167547, -122.6186539)"
1160,"Amarone della Valpolicella Valpantena, Italy","(45.5333333, 11.0)"
1161,"Chalkidiki, Greece","(40.3694997, 23.287085)"
1162,"Orange, Australia","(-33.283333, 149.1)"
1163,"Pedernal Valley, Argentina","(-31.9958958, -68.764945)"
1164,"Coteaux du Giennois, France","(32.0786276, -81.0995367)"
1165,"Breganze, Italy","(45.708245, 11.5574545)"
1166,"Tehama County, USA","(40.0982197, -122.174605)"
1167,"Eloro, Italy","(36.839192, 15.1066749)"
1168,"Côtes de Nuits Villages, France","(47.180179, 4.959953)"
1169,"Vin de Pays du Jardin de la France, France","(39.7023355, -104.9595705)"
1170,"Wiener Gemischter Satz, Austria","(48.30215459999999, 16.4089871)"
1171,"Ischia, Italy","(40.7270164, 13.9028656)"
1172,"Murray-Darling, Australia","(-31.4266706, 143.935319)"
1173,"Saint-Péray, France","(44.944816, 4.841902999999999)"
1174,"Carema, Italy","(45.5826302, 7.8080102)"
1175,"Cahul, Moldova","(45.8939404, 28.1890275)"
1176,"Valpolicella Valpantena, Italy","(45.5333333, 11.0)"
1177,"Cyclades, Greece","(37.1548247, 25.0687356)"
1178,"Ramona Valley, USA","(33.03763840000001, -116.8765386)"
1179,"Savennières, France","(47.383101, -0.656999)"
1180,"Steiermark, Austria","(47.3593442, 14.4699827)"
1181,"Pouilly-Vinzelles, France","(None, None)"
1182,"Asolo Prosecco Superiore, Italy","(45.7596275, 11.984389)"
1183,"Napa County-Lake County, USA","(None, None)"
1184,"Colli Etruria Centrale, Italy","(42.3385156, 14.0591193)"
1185,"Vino de la Tierra del Bajo Aragón, Spain","(40.856431, -0.280399)"
1186,"East Coast, New Zealand","(-37.6908365, 178.5396131)"
1187,"Côtes de Forez, France","(37.7746773, -122.391388)"
1188,"Monthélie, France","(46.99248799999999, 4.76562)"
1189,"Sonoma County-Monterey County, USA","(38.291859, -122.4580356)"
1190,"Clos de Tart, France","(47.1956472, 4.961697600000001)"
1191,"Corton-Pougets, France","(30.4395059, -90.0836838)"
1192,"Madera, USA","(36.9613356, -120.0607176)"
1193,"Breede River Valley, South Africa","(-33.7272263, 19.4735066)"
1194,"Short Hills Bench, Canada","(43.0964318, -79.2823459)"
1195,"Alella, Spain","(41.4919653, 2.2940817)"
1196,"Naches Heights, USA","(46.64903109999999, -120.6585503)"
1197,"Aglianico del Beneventano, Italy","(41.1393811, 14.7738489)"
1198,"Vin de Pays de la Haute Vallée du Gassac, France","(41.0138527, -73.7585179)"
1199,"Ticino, Switzerland","(46.331734, 8.800452900000002)"
1200,"Zonda Valley, Argentina","(-31.740385, -69.0016485)"
1201,"Vlootenburg, South Africa","(-33.9586148, 18.7979659)"
1202,"Barbera di Piemonte, Italy","(45.4857731, 8.1648994)"
1203,"Colchagua Costa, Chile","(29.7424338, -95.40908739999999)"
1204,"Castilla La Mancha, Spain","(39.2795607, -3.097702)"
1205,"Brachetto d'Acqui, Italy","(36.303728, -94.18859499999999)"
1206,"Vin Doux Naturel Rasteau, France","(44.2248427, 4.988436)"
1207,"Brda, Slovenia","(45.9975652, 13.5270474)"
1208,"Dingač, Croatia","(42.9411045, 17.3655707)"
1209,"Châteaumeillant, France","(46.562103, 2.2018749)"
1210,"Morocco, Morocco","(31.791702, -7.092619999999999)"
1211,"Achaia, Greece","(38.1158729, 21.9522491)"
1212,"Polkadraai Hills, South Africa","(-33.9608446, 18.800415)"
1213,"Bot River, South Africa","(-34.2254252, 19.1969241)"
1214,"Similkameen Valley, Canada","(49.20246239999999, -119.8294828)"
1215,"Cabardes, France","(43.37074450000001, 2.2832766)"
1216,"Dolcetto di Dogliani Superiore, Italy","(39.7482028, -104.999232)"
1217,"Galluccio, Italy","(41.3348677, 13.9492051)"
1218,"Ribera del Júcar, Spain","(39.2286419, -1.443469)"
1219,"Lamezia, Italy","(38.962912, 16.3092719)"
1220,"Trentino Superiore, Italy","(46.0747793, 11.1217486)"
1221,"Amyndeon, Greece","(40.6905178, 21.6797432)"
1222,"Vânju Mare, Romania","(44.4257053, 22.8680481)"
1223,"Hrvatsko Primorje, Croatia","(45.1, 15.2000001)"
1224,"Lison-Pramaggiore, Italy","(33.76292780000001, -84.3577306)"
1225,"Vin de Pays de la Méditerranée, France","(30.392116, -88.8876973)"
1226,"Grave del Friuli, Italy","(44.0186694, -88.53741939999999)"
1227,"Vino de la Tierra de Cádiz, Spain","(36.5036495, -6.2743024)"
1228,"Vin Santo di Carmignano, Italy","(43.8239256, 10.995516)"
1229,"Pirque, Chile","(-33.6874736, -70.5883812)"
1230,"Alghero, Italy","(40.5579517, 8.319294900000001)"
1231,"La Clape, France","(43.158333, 3.1)"
1232,"Pacherenc du Vic Bilh, France","(43.5507154, -0.0597977)"
1233,"Ramandolo, Italy","(46.2176074, 13.2637066)"
1234,"Vino de la Tierra de Zamora, Spain","(41.4209074, -5.6878736)"
1235,"Romanée-St.-Vivant, France","(47.1622742, 4.9539795)"
1236,"Lot, France","(44.5379358, 1.6760691)"
1237,"Garda, Italy","(45.6049385, 10.6351414)"
1238,"Dolenjska, Slovenia","(45.7558584, 15.0592333)"
1239,"Arizona, USA","(34.0489281, -111.0937311)"
1240,"Barsac, France","(44.607906, -0.317094)"
1241,"Brindisi, Italy","(40.6327278, 17.9417616)"
1242,"Western Plains, Australia","(-32.2785846, 148.5817624)"
1243,"Mazis-Chambertin, France","(40.0199243, -105.271103)"
1244,"New Zealand, New Zealand","(-40.900557, 174.885971)"
1245,"Pouilly-sur-Loire, France","(47.283935, 2.955667)"
1246,"Requinoa, Chile","(-34.2866812, -70.8211772)"
1247,"Kangaroo Island, Australia","(-35.7752426, 137.2142417)"
1248,"Vin Mousseux, France","(46.342414, -72.539496)"
1249,"Penisola Sorrentina, Italy","(40.6569836, 14.5422225)"
1250,"Mavrodaphne de Cephalonie, Greece","(38.1753675, 20.5692179)"
1251,"Casorzo, Italy","(45.02123479999999, 8.3371719)"
1252,"Rosso di Cerignola, Italy","(41.2630789, 15.9115666)"
1253,"Adelaida District, USA","(35.645397, -120.874138)"
1254,"Goumenissa, Greece","(40.946869, 22.4510542)"
1255,"Sant' Agata dei Goti, Italy","(41.0895812, 14.4998955)"
1256,"Messinia, Greece","(37.1424653, 21.9522491)"
1257,"Crémant de Loire, France","(47.2703169, -0.1046324)"
1258,"Lakonia, Greece","(37.0299087, 22.5245093)"
1259,"McLaren Vale-Langhorne Creek, Australia","(-35.29625559999999, 139.038277)"
1260,"Mentrida, Spain","(40.2394809, -4.1936206)"
1261,"Vin de Pays de Vaucluse, France","(43.8888395, 5.097687000000001)"
1262,"Erice, Italy","(38.0380892, 12.5873511)"
1263,"Monreale, Italy","(38.0814986, 13.2889834)"
1264,"Monferrato Bianco, Italy","(44.9032667, -93.56614019999999)"
1265,"Béarn, France","(43.47055599999999, -0.9248539999999998)"
1266,"Paso Robles Willow Creek District, USA","(35.5595517, -120.7791151)"
1267,"Torgiano Rosso Riserva, Italy","(43.043267, 12.4495221)"
1268,"Arribes del Duero, Spain","(40.9171256, -6.7992003)"
1269,"Finca Élez, Spain","(37.8002248, -122.434813)"
1270,"Moulis, France","(42.961685, 1.091185)"
1271,"Pinto Bandeira, Brazil","(-29.0974864, -51.45032339999999)"
1272,"Campanha, Brazil","(-21.8343864, -45.3990201)"
1273,"Lime Kiln Valley, USA","(36.0112678, -121.5164712)"
1274,"Amador-Napa, USA","(38.3401543, -122.2819456)"
1275,"Hilltops, Australia","(-34.3613068, 148.4629997)"
1276,"Barossa-Langhorne Creek, Australia","(37.7746773, -122.391388)"
1277,"Currency Creek-McLaren Vale, Australia","(-35.4373405, 138.7586849)"
1278,"Vin Santo di Montepulciano, Italy","(43.09045649999999, 11.7810898)"
1279,"Coteaux du Lyonnais, France","(45.6396816, 4.706689)"
1280,"Gippsland, Australia","(-37.5831982, 147.4627259)"
1281,"Friuli Colli Orientali, Italy","(46.0710663, 13.4621368)"
1282,"Mâcon-Azé, France","(46.431348, 4.7612249)"
1283,"Dogliani Superiore, Italy","(None, None)"
1284,"Strathbogie Ranges, Australia","(-36.9, 145.75)"
1285,"South Africa, South Africa","(-30.559482, 22.937506)"
1286,"Colline Teramane, Italy","(43.6503956, -79.3843577)"
1287,"San Antonio de las Minas Valley, Mexico","(31.965445, -116.646471)"
1288,"Vino de la Tierra Ribera del Gállego-Cinco Villas, Spain","(41.6488226, -0.8890853)"
1289,"Madeira, Portugal","(32.76070740000001, -16.9594723)"
1290,"Valtellina, Italy","(46.1633869, 9.8447202)"
1291,"Cheverny, France","(47.49973, 1.46013)"
1292,"Napa Valley-Paso Robles, USA","(35.6444393, -120.6893353)"
1293,"Cirò, Italy","(39.3811686, 17.0673088)"
1294,"Krania Olympus, Greece","(39.954899, 21.967369)"
1295,"Falanghina del Molise, Italy","(41.8707208, 14.691154)"
1296,"Corinthia, Greece","(38.0022977, 22.5245093)"
1297,"Slovenska Istra, Slovenia","(45.2745018, 13.8901858)"
1298,"Corton-Bressandes, France","(47.0249725, 4.827512899999999)"
1299,"Commandaria, Cyprus","(34.8167628, 32.9093957)"
1300,"Medrano, Argentina","(-33.1775166, -68.6113055)"
1301,"Lake County-Sonoma County, USA","(38.759642, -123.0915605)"
1302,"Valpolicella Ripasso Valpantena, Italy","(45.5333333, 11.0)"
1303,"Maury, France","(42.811253, 2.593028)"
1304,"Jerusalem Hills, Israel","(31.805577, 35.238607)"
1305,"Brazil, Brazil","(-14.235004, -51.92528)"
1306,"Circeo, Italy","(41.2381661, 13.0457514)"
1307,"Gundagai, Australia","(-35.0566492, 148.102061)"
1308,"Vin de Pays des Coteaux de Bessilles, France","(43.4775778, 3.538874)"
1309,"Mâcon-Péronne, France","(26.714737, -80.03364499999999)"
1310,"Mazoyeres-Chambertin, France","(36.5017097, -121.9373001)"
1311,"Altos de Mendoza, Argentina","(-32.9010692, -68.8429306)"
1312,"Nevada County, USA","(39.1346666, -121.1710389)"
1313,"Vino de la Tierra Altiplano de Sierra Nevada, Spain","(37.174976, -3.60899)"
1314,"Cauquenes Valley, Chile","(-35.9676285, -72.32223309999999)"
1315,"Cirò Classico, Italy","(42.05576019999999, -70.1808599)"
1316,"Bardolino Classico Superiore, Italy","(45.53482839999999, 10.7365305)"
1317,"Vino de Calidad de Tierras de León, Spain","(42.5857936, -5.5660419)"
1318,"Cour-Cheverny, France","(47.508733, 1.457552)"
1319,"Mount Athos, Greece","(40.2644928, 24.2152731)"
1320,"Valpolicella Ripasso Valpantena Superiore, Italy","(45.5333333, 11.0)"
1321,"Sebino, Italy","(45.721871, 10.0670398)"
1322,"McLaren Vale-Padthaway, Australia","(43.0817022, -73.7872369)"
1323,"Gaillac Doux, France","(None, None)"
1324,"Vino de la Tierra de Castelló, Spain","(39.9715447, -0.0710039)"
1325,"Falanghina del Sannio, Italy","(41.8085053, -88.2011075)"
1326,"Mendocino-Amador, USA","(39.5500194, -123.438353)"
1327,"Turkey, Turkey","(38.963745, 35.243322)"
1328,"Bienvenues Bâtard-Montrachet, France","(32.8501493, -96.8208313)"
1329,"Casablanca & Leyda Valleys, Chile","(-33.3182828, -71.4070899)"
1330,"Dealurile Hușilor, Romania","(46.67078559999999, 28.0491151)"
1331,"Vallée du Paradis, France","(43.4354561, 6.8525385)"
1332,"Urla-Thrace, Turkey","(38.320858, 26.736528)"
1333,"San Rafael, Argentina","(-34.6128922, -68.3390622)"
1334,"Sovana, Italy","(42.6581356, 11.6455585)"
1335,"Sardinia, Italy","(40.1208752, 9.012892599999999)"
1336,"Tumbarumba, Australia","(-35.7694861, 148.0057003)"
1337,"Südburgenland, Austria","(47.1878672, 16.2040344)"
1338,"Sonoma County-San Joaquin County, USA","(37.9175935, -121.1710389)"
1339,"Henty, Australia","(-35.52, 147.035)"
1340,"Côtes de Saint-Mont, France","(43.6506681, -0.1536811)"
1341,"Geelong, Australia","(-38.1499181, 144.3617186)"
1342,"San Marino, Italy","(None, None)"
1343,"Sterea Ellada, Greece","(38.6043984, 22.7152131)"
1344,"Coteaux du Layon Beaulieu, France","(42.352042, -71.069408)"
1345,"River Junction, USA","(43.6489596, -72.3192579)"
1346,"Falanghina del Beneventano, Italy","(41.2453814, 14.5675385)"
1347,"Imathia, Greece","(40.60600669999999, 22.1430215)"
1348,"San Bernabe, USA","(36.1475072, -121.1006615)"
1349,"Napa-Amador, USA","(38.3401543, -122.2819456)"
1350,"Vin de Pays de L'Herault, France","(43.5747967, 3.4923334)"
1351,"Montefalco, Italy","(42.88929359999999, 12.6502843)"
1352,"Muscadet, France","(40.6937655, -73.9227501)"
1353,"Santa Cruz County, USA","(37.0453988, -121.9579578)"
1354,"Sonoma-Santa Barbara-Mendocino, USA","(34.4208321, -119.6982057)"
1355,"Napa-Mendocino-Sonoma, USA","(38.2840002, -122.4567528)"
1356,"Vin de Pays de France, France","(43.5711623, 3.876701599999999)"
1357,"Vinho Espumante, Portugal","(40.5712479, -8.4345562)"
1358,"Helderberg, South Africa","(-34.1298863, 18.9064427)"
1359,"Southern Highlands, Australia","(-34.5479968, 150.3037323)"
1360,"Prosecco di Valdobbiadene Superiore, Italy","(45.9012514, 11.9958811)"
1361,"Italy Other, Italy","(37.09024, -95.712891)"
1362,"Picpoul de Pinet, France","(43.38785439999999, 3.505741)"
1363,"La Romanée, France","(47.159051, 4.954572)"
1364,"Lake-Sonoma-Napa, USA","(38.759642, -123.0915605)"
1365,"Vin de Pays de Montferrand, France","(43.35454, 1.823073)"
1366,"Muscadet Coteaux de la Loire, France","(47.338162, -1.2249558)"
1367,"Isle St. George, USA","(41.72171489999999, -82.82018719999999)"
1368,"Clairette de Die, France","(44.7601577, 5.357141299999999)"
1369,"Clare Valley-Eden Valley, Australia","(-33.8335699, 138.61)"
1370,"Cerasuolo d'Abruzzo, Italy","(39.76221, -105.0199866)"
1371,"Vale Trentino, Brazil","(-29.231643, -51.2702634)"
1372,"Central Valley, USA","(40.19987769999999, -122.2011075)"
1373,"Strevi, Italy","(44.7004186, 8.5234983)"
1374,"Riverland, Australia","(-34.3142878, 139.8547266)"
1375,"Sardon de Duero, Spain","(41.6058666, -4.4284985)"
1376,"Wagram, Austria","(48.299052, 16.5640125)"
1377,"Texoma, USA","(33.7998245, -96.57833869999999)"
1378,"Capay Valley, USA","(38.7107366, -122.0471933)"
1379,"Pavia, Italy","(45.1847248, 9.1582069)"
1380,"Ukraine, Ukraine","(48.379433, 31.1655799)"
1381,"Malgas, South Africa","(-34.3204182, 20.5811363)"
1382,"Sagrada Familia, Chile","(-34.9984205, -71.34458219999999)"
1383,"Cacc’e Mmitte di Lucera, Italy","(41.5080016, 15.3401891)"
1384,"Hautes Cotes de Beaune, France","(46.9979057, 4.7747405)"
1385,"St. David's Bench, Canada","(43.16032389999999, -79.10404319999999)"
1386,"Fleurieu Peninsula, Australia","(-35.5, 138.5)"
1387,"Letrinon, Greece","(37.6720919, 21.4378157)"
1388,"Nuragus di Cagliari, Italy","(39.7772646, 9.0396465)"
1389,"Muscat of Kefallonian, Greece","(38.1753675, 20.5692179)"
1390,"Codru Region, Moldova","(46.9787276, 28.8156637)"
1391,"Mâcon-Vinzelles, France","(46.2705194, 4.7753823)"
1392,"Sonoma-Napa-Monterey, USA","(36.599774, -121.8953841)"
1393,"Thessalikos, Greece","(39.5728095, 22.0887236)"
1394,"Mâcon-Uchizy, France","(46.48924299999999, 4.9130685)"
1395,"Catalanesca del Monte Somma, Italy","(40.8333333, 14.4333333)"
1396,"San Gimignano, Italy","(43.4676324, 11.0434909)"
1397,"Pouilly-Loché, France","(46.278339, 4.768853)"
1398,"Bourgogne Vézelay, France","(47.465674, 3.746143)"
1399,"Mâcon-Davayé, France","(46.302008, 4.744197)"
1400,"Beechworth, Australia","(-36.3533015, 146.6877247)"
1401,"Vino de Calidad de Valtiendas, Spain","(41.47864, -3.91813)"
1402,"Mitterberg, Italy","(47.56754189999999, 14.2319465)"
1403,"Montello e Colli Asolani, Italy","(45.78137479999999, 12.0702775)"
1404,"China, China","(37.223169, -95.73148200000001)"
1405,"Limnos, Greece","(39.9198413, 25.141484)"
1406,"Viile Timis, Romania","(45.8138902, 21.3331055)"
1407,"Rivesaltes Rosé, France","(42.7678066, 2.8718416)"
1408,"Offida Rosso, Italy","(42.929348, 13.6997866)"
1409,"Côtes de Montravel, France","(39.1523611, -77.06758409999999)"
1410,"Devon Valley, South Africa","(-33.9234308, 18.8187429)"
1411,"Krk, Croatia","(45.0278995, 14.5752114)"
1412,"Arcadia, Greece","(37.5557825, 22.3337769)"
1413,"Cape Agulhas, South Africa","(-34.8163001, 20.0151897)"
1414,"Colli del Limbara, Italy","(40.85, 9.1666667)"
1415,"Catamarca, Argentina","(-28.469581, -65.7795441)"
1416,"Kathikas, Cyprus","(34.9137456, 32.4184108)"
1417,"Vin de Pays de Velvendo, Greece","(40.2545476, 22.0742782)"
1418,"Mediterranée, France","(43.38000299999999, 5.190583)"
1419,"Vin de Pays Cité de Carcassonne, France","(43.2060816, 2.3641961)"
1420,"Langhorne Creek-Limestone Coast, Australia","(-35.29625559999999, 139.038277)"
1421,"Coda di Volpe d'Irpinia, Italy","(41.94263979999999, -87.663589)"
1422,"Negev, Israel","(30.7140861, 34.8757476)"
1423,"Irrouléguy, France","(None, None)"
1424,"Squinzano, Italy","(40.4349907, 18.0421742)"
1425,"Monterey County-Napa County, USA","(36.60341409999999, -121.862733)"
1426,"Mâcon-Vergisson, France","(46.30963, 4.716371)"
1427,"Est! Est!! Est!!! di Montefiascone, Italy","(42.533851, 12.041377)"
1428,"Niagara Escarpment, Canada","(44.7180522, -87.5950953)"
1429,"Terrasses du Larzac, France","(34.11484799999999, -118.1574535)"
1430,"Côtes Catalanes, France","(35.466795, -97.5166443)"
1431,"Lesbos, Greece","(39.2645095, 26.2777073)"
1432,"Távora-Varosa, Portugal","(41.038893, -7.758375)"
1433,"Niagara Escarpment, USA","(44.7180522, -87.5950953)"
1434,"Mâcon-Milly Lamartine, France","(46.3486649, 4.6979559)"
1435,"Dolcetto d'Asti, Italy","(41.8085053, -88.2011075)"
1436,"Antelope Valley of the California High Desert, USA","(34.7513712, -118.2522977)"
1437,"Sonoma County-Santa Barbara County, USA","(34.4208321, -119.6982057)"
1438,"Vesuvio, Italy","(40.82238299999999, 14.4289058)"
1439,"Alta Valle della Greve, Italy","(43.5737535, 11.3469038)"
1440,"Neuchâtel, Switzerland","(46.9899874, 6.9292732)"
1441,"Del Veneto, Italy","(45.4414662, 12.3152595)"
1442,"Savoie, France","(45.4932045, 6.472399999999999)"
1443,"Roussette de Savoie, France","(45.5046409, 5.9938459)"
1444,"Paestum, Italy","(40.4269855, 15.0050404)"
